Commodities,Countries,Time,Customs Value (Gen) ($US) (Default Member),Customs Value (Cons) ($US),HS_Code,critical_mineral,CategoryType
282520 Lithium Oxide And Hydroxide,Hong Kong,2023,4000,4000.0,282520,Lithium,Compound
282520 Lithium Oxide And Hydroxide,Taiwan,2025,51200,51200.0,282520,Lithium,Compound
282520 Lithium Oxide And Hydroxide,"Korea, South",2021,17700,17700.0,282520,Lithium,Compound
282520 Lithium Oxide And Hydroxide,Hong Kong,2024,4000,4000.0,282520,Lithium,Compound
282520 Lithium Oxide And Hydroxide,Taiwan,2024,6400,6400.0,282520,Lithium,Compound
282520 Lithium Oxide And Hydroxide,Indonesia,2025,2914,2914.0,282520,Lithium,Compound
282520 Lithium Oxide And Hydroxide,Japan,2025,2607,2607.0,282520,Lithium,Compound
282520 Lithium Oxide And Hydroxide,Taiwan,2021,13233,13233.0,282520,Lithium,Compound
282520 Lithium Oxide And Hydroxide,"Korea, South",2022,2254,2254.0,282520,Lithium,Compound
282520 Lithium Oxide And Hydroxide,Japan,2023,122590,122590.0,282520,Lithium,Compound
282520 Lithium Oxide And Hydroxide,Japan,2021,64600,64600.0,282520,Lithium,Compound
282520 Lithium Oxide And Hydroxide,Japan,2024,22095,22095.0,282520,Lithium,Compound
282520 Lithium Oxide And Hydroxide,Japan,2002,144608,144608.0,282520,Lithium,Compound
282520 Lithium Oxide And Hydroxide,"Korea, South",2016,20135,20135.0,282520,Lithium,Compound
282520 Lithium Oxide And Hydroxide,Hong Kong,2016,10100,10100.0,282520,Lithium,Compound
282520 Lithium Oxide And Hydroxide,Japan,2007,12922,12922.0,282520,Lithium,Compound
282520 Lithium Oxide And Hydroxide,Singapore,2006,3000,3000.0,282520,Lithium,Compound
282520 Lithium Oxide And Hydroxide,Japan,2016,14487,14487.0,282520,Lithium,Compound
282520 Lithium Oxide And Hydroxide,Japan,2005,72130,72130.0,282520,Lithium,Compound
282520 Lithium Oxide And Hydroxide,"Korea, South",2017,312680,312680.0,282520,Lithium,Compound
282520 Lithium Oxide And Hydroxide,Taiwan,2017,28500,28500.0,282520,Lithium,Compound
282520 Lithium Oxide And Hydroxide,Japan,2017,35513,35513.0,282520,Lithium,Compound
282520 Lithium Oxide And Hydroxide,Japan,2004,58926,58926.0,282520,Lithium,Compound
282520 Lithium Oxide And Hydroxide,"Korea, South",2018,25046,25046.0,282520,Lithium,Compound
282520 Lithium Oxide And Hydroxide,Hong Kong,2018,192000,192000.0,282520,Lithium,Compound
282520 Lithium Oxide And Hydroxide,Taiwan,2004,8848,8848.0,282520,Lithium,Compound
282520 Lithium Oxide And Hydroxide,Japan,2018,210749,210749.0,282520,Lithium,Compound
282520 Lithium Oxide And Hydroxide,Japan,2003,78401,78401.0,282520,Lithium,Compound
282520 Lithium Oxide And Hydroxide,Taiwan,2003,99866,99866.0,282520,Lithium,Compound
282520 Lithium Oxide And Hydroxide,"Korea, South",2019,3968,3968.0,282520,Lithium,Compound
282520 Lithium Oxide And Hydroxide,Japan,2019,72009,72009.0,282520,Lithium,Compound
282520 Lithium Oxide And Hydroxide,Taiwan,2020,12812,12812.0,282520,Lithium,Compound
282520 Lithium Oxide And Hydroxide,Japan,2020,87342,87342.0,282520,Lithium,Compound
282520 Lithium Oxide And Hydroxide,Japan,2001,65810,,282520,Lithium,Compound
282520 Lithium Oxide And Hydroxide,Japan,2015,38841,38841.0,282520,Lithium,Compound
282520 Lithium Oxide And Hydroxide,Taiwan,2008,3500,3500.0,282520,Lithium,Compound
282520 Lithium Oxide And Hydroxide,Japan,2006,68914,68914.0,282520,Lithium,Compound
282520 Lithium Oxide And Hydroxide,"Korea, South",2014,3851,3851.0,282520,Lithium,Compound
282520 Lithium Oxide And Hydroxide,Japan,2008,131383,131383.0,282520,Lithium,Compound
282520 Lithium Oxide And Hydroxide,Hong Kong,2010,3000,3000.0,282520,Lithium,Compound
282520 Lithium Oxide And Hydroxide,Japan,2014,123215,123215.0,282520,Lithium,Compound
282520 Lithium Oxide And Hydroxide,Japan,2012,2644,2644.0,282520,Lithium,Compound
282520 Lithium Oxide And Hydroxide,Hong Kong,2012,8822,8822.0,282520,Lithium,Compound
282520 Lithium Oxide And Hydroxide,Japan,2013,44767,44767.0,282520,Lithium,Compound
282520 Lithium Oxide And Hydroxide,Japan,2009,80930,80930.0,282520,Lithium,Compound
282520 Lithium Oxide And Hydroxide,"Korea, South",2010,28665,28665.0,282520,Lithium,Compound
282520 Lithium Oxide And Hydroxide,"Korea, South",2015,97184,97184.0,282520,Lithium,Compound
282520 Lithium Oxide And Hydroxide,"Korea, South",2012,74826,74826.0,282520,Lithium,Compound
282520 Lithium Oxide And Hydroxide,Japan,2011,108946,108946.0,282520,Lithium,Compound
282520 Lithium Oxide And Hydroxide,Taiwan,2015,4800,4800.0,282520,Lithium,Compound
282520 Lithium Oxide And Hydroxide,"Korea, South",2009,11150,11150.0,282520,Lithium,Compound
282520 Lithium Oxide And Hydroxide,Japan,2010,41449,41449.0,282520,Lithium,Compound
282520 Lithium Oxide And Hydroxide,"Korea, South",2013,8619,8619.0,282520,Lithium,Compound
282540 Nickel Oxides And Hydroxides,Philippines,2011,760564,760564.0,282540,Nickel,Compound
282540 Nickel Oxides And Hydroxides,Taiwan,2011,187200,187200.0,282540,Nickel,Compound
282540 Nickel Oxides And Hydroxides,Indonesia,2021,130897,130897.0,282540,Nickel,Compound
282540 Nickel Oxides And Hydroxides,Japan,2024,1352991,1352991.0,282540,Nickel,Compound
282540 Nickel Oxides And Hydroxides,Philippines,2021,3118614,3118614.0,282540,Nickel,Compound
282540 Nickel Oxides And Hydroxides,Taiwan,2024,1272013,1272013.0,282540,Nickel,Compound
282540 Nickel Oxides And Hydroxides,Taiwan,2022,505124,505124.0,282540,Nickel,Compound
282540 Nickel Oxides And Hydroxides,"Korea, South",2021,1695487,1695487.0,282540,Nickel,Compound
282540 Nickel Oxides And Hydroxides,"Korea, South",2024,15200,15200.0,282540,Nickel,Compound
282540 Nickel Oxides And Hydroxides,Taiwan,2021,101274,101274.0,282540,Nickel,Compound
282540 Nickel Oxides And Hydroxides,Philippines,2024,1794945,1794945.0,282540,Nickel,Compound
282540 Nickel Oxides And Hydroxides,Japan,2023,3533555,3533555.0,282540,Nickel,Compound
282540 Nickel Oxides And Hydroxides,Japan,2021,3703450,3703450.0,282540,Nickel,Compound
282540 Nickel Oxides And Hydroxides,Taiwan,2023,619078,619078.0,282540,Nickel,Compound
282540 Nickel Oxides And Hydroxides,Philippines,2023,4948652,4948652.0,282540,Nickel,Compound
282540 Nickel Oxides And Hydroxides,Japan,2022,7195521,7195521.0,282540,Nickel,Compound
282540 Nickel Oxides And Hydroxides,Japan,2011,2148606,2148606.0,282540,Nickel,Compound
282540 Nickel Oxides And Hydroxides,Philippines,2022,5109533,5109533.0,282540,Nickel,Compound
282540 Nickel Oxides And Hydroxides,"Korea, South",2022,892593,892593.0,282540,Nickel,Compound
282540 Nickel Oxides And Hydroxides,Hong Kong,2024,246580,246580.0,282540,Nickel,Compound
282540 Nickel Oxides And Hydroxides,Philippines,2012,884145,884145.0,282540,Nickel,Compound
282540 Nickel Oxides And Hydroxides,Japan,2001,5113158,,282540,Nickel,Compound
282540 Nickel Oxides And Hydroxides,"Korea, South",2012,60000,60000.0,282540,Nickel,Compound
282540 Nickel Oxides And Hydroxides,"Korea, South",2015,2400,2400.0,282540,Nickel,Compound
282540 Nickel Oxides And Hydroxides,Philippines,2006,55200,55200.0,282540,Nickel,Compound
282540 Nickel Oxides And Hydroxides,Japan,2005,5049206,5049206.0,282540,Nickel,Compound
282540 Nickel Oxides And Hydroxides,Philippines,2005,102960,102960.0,282540,Nickel,Compound
282540 Nickel Oxides And Hydroxides,Philippines,2016,2376822,2376822.0,282540,Nickel,Compound
282540 Nickel Oxides And Hydroxides,Japan,2004,8567794,8567794.0,282540,Nickel,Compound
282540 Nickel Oxides And Hydroxides,Japan,2016,3355713,3355713.0,282540,Nickel,Compound
282540 Nickel Oxides And Hydroxides,Philippines,2019,2095330,2095330.0,282540,Nickel,Compound
282540 Nickel Oxides And Hydroxides,Japan,2018,4228592,4228592.0,282540,Nickel,Compound
282540 Nickel Oxides And Hydroxides,Japan,2003,5119485,5119485.0,282540,Nickel,Compound
282540 Nickel Oxides And Hydroxides,Taiwan,2003,113701,113701.0,282540,Nickel,Compound
282540 Nickel Oxides And Hydroxides,Hong Kong,2018,6000,6000.0,282540,Nickel,Compound
282540 Nickel Oxides And Hydroxides,"Korea, South",2018,344014,344014.0,282540,Nickel,Compound
282540 Nickel Oxides And Hydroxides,Philippines,2017,3838018,3838018.0,282540,Nickel,Compound
282540 Nickel Oxides And Hydroxides,Philippines,2018,2235737,2235737.0,282540,Nickel,Compound
282540 Nickel Oxides And Hydroxides,Philippines,2003,12820,12820.0,282540,Nickel,Compound
282540 Nickel Oxides And Hydroxides,Japan,2017,5760238,5760238.0,282540,Nickel,Compound
282540 Nickel Oxides And Hydroxides,Japan,2002,5219290,5219290.0,282540,Nickel,Compound
282540 Nickel Oxides And Hydroxides,"Korea, South",2017,140329,140329.0,282540,Nickel,Compound
282540 Nickel Oxides And Hydroxides,"Korea, South",2019,113461,113461.0,282540,Nickel,Compound
282540 Nickel Oxides And Hydroxides,Japan,2019,4357678,4357678.0,282540,Nickel,Compound
282540 Nickel Oxides And Hydroxides,Japan,2006,7483455,7483455.0,282540,Nickel,Compound
282540 Nickel Oxides And Hydroxides,Japan,2007,9208006,9208006.0,282540,Nickel,Compound
282540 Nickel Oxides And Hydroxides,Japan,2025,1640079,1640079.0,282540,Nickel,Compound
282540 Nickel Oxides And Hydroxides,Taiwan,2012,374000,374000.0,282540,Nickel,Compound
282540 Nickel Oxides And Hydroxides,Japan,2012,2474589,2474589.0,282540,Nickel,Compound
282540 Nickel Oxides And Hydroxides,Philippines,2013,3052782,3052782.0,282540,Nickel,Compound
282540 Nickel Oxides And Hydroxides,Philippines,2001,26954,,282540,Nickel,Compound
282540 Nickel Oxides And Hydroxides,Japan,2013,3057278,3057278.0,282540,Nickel,Compound
282540 Nickel Oxides And Hydroxides,Japan,2010,2580738,2580738.0,282540,Nickel,Compound
282540 Nickel Oxides And Hydroxides,Taiwan,2010,6550,6550.0,282540,Nickel,Compound
282540 Nickel Oxides And Hydroxides,Philippines,2010,563316,563316.0,282540,Nickel,Compound
282540 Nickel Oxides And Hydroxides,Taiwan,2025,443894,443894.0,282540,Nickel,Compound
282540 Nickel Oxides And Hydroxides,Japan,2009,3865105,3865105.0,282540,Nickel,Compound
282540 Nickel Oxides And Hydroxides,Philippines,2014,2370259,2370259.0,282540,Nickel,Compound
282540 Nickel Oxides And Hydroxides,Japan,2008,13148895,13148895.0,282540,Nickel,Compound
282540 Nickel Oxides And Hydroxides,Japan,2014,4234349,4234349.0,282540,Nickel,Compound
282540 Nickel Oxides And Hydroxides,"Korea, South",2008,13200,13200.0,282540,Nickel,Compound
282540 Nickel Oxides And Hydroxides,Japan,2020,3387801,3387801.0,282540,Nickel,Compound
282540 Nickel Oxides And Hydroxides,Philippines,2015,1726603,1726603.0,282540,Nickel,Compound
282540 Nickel Oxides And Hydroxides,"Korea, South",2020,272052,272052.0,282540,Nickel,Compound
282540 Nickel Oxides And Hydroxides,Philippines,2020,2122723,2122723.0,282540,Nickel,Compound
282540 Nickel Oxides And Hydroxides,Malaysia,2020,2427,2427.0,282540,Nickel,Compound
282540 Nickel Oxides And Hydroxides,Philippines,2009,607645,607645.0,282540,Nickel,Compound
282540 Nickel Oxides And Hydroxides,Japan,2015,2774789,2774789.0,282540,Nickel,Compound
282540 Nickel Oxides And Hydroxides,Philippines,2025,1310775,1310775.0,282540,Nickel,Compound
282550 Copper Oxides And Hydroxides,Japan,2023,280883,280883.0,282550,Copper,Compound
282550 Copper Oxides And Hydroxides,Japan,2007,47898,47898.0,282550,Copper,Compound
282550 Copper Oxides And Hydroxides,Hong Kong,2007,1140141,1140141.0,282550,Copper,Compound
282550 Copper Oxides And Hydroxides,Taiwan,2018,670005,670005.0,282550,Copper,Compound
282550 Copper Oxides And Hydroxides,Hong Kong,2018,116687,116687.0,282550,Copper,Compound
282550 Copper Oxides And Hydroxides,"Korea, South",2018,64820,64820.0,282550,Copper,Compound
282550 Copper Oxides And Hydroxides,Japan,2006,59634,59634.0,282550,Copper,Compound
282550 Copper Oxides And Hydroxides,Taiwan,2022,762102,762102.0,282550,Copper,Compound
282550 Copper Oxides And Hydroxides,Hong Kong,2006,1427252,1427252.0,282550,Copper,Compound
282550 Copper Oxides And Hydroxides,Japan,2022,338282,338282.0,282550,Copper,Compound
282550 Copper Oxides And Hydroxides,Japan,2018,39017,39017.0,282550,Copper,Compound
282550 Copper Oxides And Hydroxides,Taiwan,2019,421510,421510.0,282550,Copper,Compound
282550 Copper Oxides And Hydroxides,Japan,2005,51589,51589.0,282550,Copper,Compound
282550 Copper Oxides And Hydroxides,Hong Kong,2005,611733,611733.0,282550,Copper,Compound
282550 Copper Oxides And Hydroxides,Taiwan,2017,194240,194240.0,282550,Copper,Compound
282550 Copper Oxides And Hydroxides,"Korea, South",2005,12675,12675.0,282550,Copper,Compound
282550 Copper Oxides And Hydroxides,"Korea, South",2023,47025,47025.0,282550,Copper,Compound
282550 Copper Oxides And Hydroxides,Hong Kong,2017,113438,113438.0,282550,Copper,Compound
282550 Copper Oxides And Hydroxides,"Korea, South",2017,185384,185384.0,282550,Copper,Compound
282550 Copper Oxides And Hydroxides,Singapore,2017,886306,886306.0,282550,Copper,Compound
282550 Copper Oxides And Hydroxides,Taiwan,2016,500850,500850.0,282550,Copper,Compound
282550 Copper Oxides And Hydroxides,Japan,2017,60767,60767.0,282550,Copper,Compound
282550 Copper Oxides And Hydroxides,Japan,2004,174560,174560.0,282550,Copper,Compound
282550 Copper Oxides And Hydroxides,Japan,2021,129138,129138.0,282550,Copper,Compound
282550 Copper Oxides And Hydroxides,Singapore,2012,33750,33750.0,282550,Copper,Compound
282550 Copper Oxides And Hydroxides,Hong Kong,2024,65674,65674.0,282550,Copper,Compound
282550 Copper Oxides And Hydroxides,Hong Kong,2010,624406,624406.0,282550,Copper,Compound
282550 Copper Oxides And Hydroxides,"Korea, South",2021,132460,132460.0,282550,Copper,Compound
282550 Copper Oxides And Hydroxides,Japan,2009,49900,49900.0,282550,Copper,Compound
282550 Copper Oxides And Hydroxides,Japan,2019,72798,72798.0,282550,Copper,Compound
282550 Copper Oxides And Hydroxides,"Korea, South",2020,77419,77419.0,282550,Copper,Compound
282550 Copper Oxides And Hydroxides,Japan,2010,119135,119135.0,282550,Copper,Compound
282550 Copper Oxides And Hydroxides,Hong Kong,2019,55691,55691.0,282550,Copper,Compound
282550 Copper Oxides And Hydroxides,Hong Kong,2020,106140,106140.0,282550,Copper,Compound
282550 Copper Oxides And Hydroxides,Taiwan,2025,563640,563640.0,282550,Copper,Compound
282550 Copper Oxides And Hydroxides,Taiwan,2020,282906,282906.0,282550,Copper,Compound
282550 Copper Oxides And Hydroxides,Taiwan,2021,655735,655735.0,282550,Copper,Compound
282550 Copper Oxides And Hydroxides,Hong Kong,2009,458901,458901.0,282550,Copper,Compound
282550 Copper Oxides And Hydroxides,Japan,2008,51353,51353.0,282550,Copper,Compound
282550 Copper Oxides And Hydroxides,Taiwan,2024,601327,601327.0,282550,Copper,Compound
282550 Copper Oxides And Hydroxides,"Korea, South",2019,94558,94558.0,282550,Copper,Compound
282550 Copper Oxides And Hydroxides,Singapore,2019,456225,456225.0,282550,Copper,Compound
282550 Copper Oxides And Hydroxides,Japan,2024,209735,209735.0,282550,Copper,Compound
282550 Copper Oxides And Hydroxides,Hong Kong,2008,878541,878541.0,282550,Copper,Compound
282550 Copper Oxides And Hydroxides,"Korea, South",2025,27398,27398.0,282550,Copper,Compound
282550 Copper Oxides And Hydroxides,Japan,2020,168582,168582.0,282550,Copper,Compound
282550 Copper Oxides And Hydroxides,"Korea, South",2024,5904,5904.0,282550,Copper,Compound
282550 Copper Oxides And Hydroxides,Singapore,2018,346620,346620.0,282550,Copper,Compound
282550 Copper Oxides And Hydroxides,Taiwan,2004,17037,17037.0,282550,Copper,Compound
282550 Copper Oxides And Hydroxides,Hong Kong,2015,150124,150124.0,282550,Copper,Compound
282550 Copper Oxides And Hydroxides,"Korea, South",2015,99150,99150.0,282550,Copper,Compound
282550 Copper Oxides And Hydroxides,Singapore,2015,385776,385776.0,282550,Copper,Compound
282550 Copper Oxides And Hydroxides,"Korea, South",2004,2800,2800.0,282550,Copper,Compound
282550 Copper Oxides And Hydroxides,Hong Kong,2016,134061,134061.0,282550,Copper,Compound
282550 Copper Oxides And Hydroxides,Hong Kong,2003,391679,391679.0,282550,Copper,Compound
282550 Copper Oxides And Hydroxides,Japan,2014,34618,34618.0,282550,Copper,Compound
282550 Copper Oxides And Hydroxides,Japan,2002,149060,149060.0,282550,Copper,Compound
282550 Copper Oxides And Hydroxides,Hong Kong,2002,221038,221038.0,282550,Copper,Compound
282550 Copper Oxides And Hydroxides,Taiwan,2014,14980,14980.0,282550,Copper,Compound
282550 Copper Oxides And Hydroxides,Hong Kong,2014,260906,260906.0,282550,Copper,Compound
282550 Copper Oxides And Hydroxides,Hong Kong,2023,73075,73075.0,282550,Copper,Compound
282550 Copper Oxides And Hydroxides,"Korea, South",2014,106092,106092.0,282550,Copper,Compound
282550 Copper Oxides And Hydroxides,Taiwan,2023,428740,428740.0,282550,Copper,Compound
282550 Copper Oxides And Hydroxides,"Korea, South",2002,5600,5600.0,282550,Copper,Compound
282550 Copper Oxides And Hydroxides,Singapore,2014,411472,411472.0,282550,Copper,Compound
282550 Copper Oxides And Hydroxides,Japan,2011,62488,62488.0,282550,Copper,Compound
282550 Copper Oxides And Hydroxides,Japan,2013,91088,91088.0,282550,Copper,Compound
282550 Copper Oxides And Hydroxides,Japan,2001,52734,,282550,Copper,Compound
282550 Copper Oxides And Hydroxides,Taiwan,2013,15089,15089.0,282550,Copper,Compound
282550 Copper Oxides And Hydroxides,Hong Kong,2013,202700,202700.0,282550,Copper,Compound
282550 Copper Oxides And Hydroxides,"Korea, South",2013,13200,13200.0,282550,Copper,Compound
282550 Copper Oxides And Hydroxides,Hong Kong,2001,166912,,282550,Copper,Compound
282550 Copper Oxides And Hydroxides,Singapore,2013,178600,178600.0,282550,Copper,Compound
282550 Copper Oxides And Hydroxides,Japan,2012,21089,21089.0,282550,Copper,Compound
282550 Copper Oxides And Hydroxides,Taiwan,2012,2811,2811.0,282550,Copper,Compound
282550 Copper Oxides And Hydroxides,Hong Kong,2012,356349,356349.0,282550,Copper,Compound
282550 Copper Oxides And Hydroxides,Taiwan,2015,1010396,1010396.0,282550,Copper,Compound
282550 Copper Oxides And Hydroxides,Japan,2015,38599,38599.0,282550,Copper,Compound
282550 Copper Oxides And Hydroxides,Japan,2003,172457,172457.0,282550,Copper,Compound
282550 Copper Oxides And Hydroxides,"Korea, South",2010,14850,14850.0,282550,Copper,Compound
282550 Copper Oxides And Hydroxides,Hong Kong,2004,593260,593260.0,282550,Copper,Compound
282550 Copper Oxides And Hydroxides,"Korea, South",2011,223296,223296.0,282550,Copper,Compound
282550 Copper Oxides And Hydroxides,Singapore,2016,432000,432000.0,282550,Copper,Compound
282550 Copper Oxides And Hydroxides,Hong Kong,2011,432750,432750.0,282550,Copper,Compound
282550 Copper Oxides And Hydroxides,"Korea, South",2016,115500,115500.0,282550,Copper,Compound
282580 Antimony Oxides,Japan,2020,2055139,2093315.0,282580,Antimony,Compound
282580 Antimony Oxides,Taiwan,2004,9149,9149.0,282580,Antimony,Compound
282580 Antimony Oxides,Japan,2004,765343,765343.0,282580,Antimony,Compound
282580 Antimony Oxides,Vietnam,2005,4953650,4953650.0,282580,Antimony,Compound
282580 Antimony Oxides,Hong Kong,2012,669056,669056.0,282580,Antimony,Compound
282580 Antimony Oxides,Taiwan,2012,271600,271600.0,282580,Antimony,Compound
282580 Antimony Oxides,Taiwan,2024,586980,586980.0,282580,Antimony,Compound
282580 Antimony Oxides,Japan,2012,3040863,3040863.0,282580,Antimony,Compound
282580 Antimony Oxides,Hong Kong,2005,522174,522174.0,282580,Antimony,Compound
282580 Antimony Oxides,Thailand,2019,840000,840000.0,282580,Antimony,Compound
282580 Antimony Oxides,Japan,2005,2589906,2589906.0,282580,Antimony,Compound
282580 Antimony Oxides,Thailand,2013,5000000,5000000.0,282580,Antimony,Compound
282580 Antimony Oxides,Hong Kong,2013,190000,190000.0,282580,Antimony,Compound
282580 Antimony Oxides,Japan,2013,3037610,3037610.0,282580,Antimony,Compound
282580 Antimony Oxides,Thailand,2014,5800000,5800000.0,282580,Antimony,Compound
282580 Antimony Oxides,Japan,2010,1981288,1981288.0,282580,Antimony,Compound
282580 Antimony Oxides,Vietnam,2006,6604950,6604950.0,282580,Antimony,Compound
282580 Antimony Oxides,Hong Kong,2004,1369616,1369616.0,282580,Antimony,Compound
282580 Antimony Oxides,Vietnam,2004,48800,48800.0,282580,Antimony,Compound
282580 Antimony Oxides,Singapore,2019,7303,7303.0,282580,Antimony,Compound
282580 Antimony Oxides,Japan,2003,579960,579960.0,282580,Antimony,Compound
282580 Antimony Oxides,Hong Kong,2001,965787,,282580,Antimony,Compound
282580 Antimony Oxides,"Korea, South",2020,235424,235424.0,282580,Antimony,Compound
282580 Antimony Oxides,Taiwan,2001,63428,,282580,Antimony,Compound
282580 Antimony Oxides,Thailand,2011,2344000,2344000.0,282580,Antimony,Compound
282580 Antimony Oxides,Japan,2019,3786493,4033932.0,282580,Antimony,Compound
282580 Antimony Oxides,Japan,2001,429116,,282580,Antimony,Compound
282580 Antimony Oxides,Taiwan,2011,1054548,1054548.0,282580,Antimony,Compound
282580 Antimony Oxides,Hong Kong,2002,1507186,1507186.0,282580,Antimony,Compound
282580 Antimony Oxides,"Korea, South",2023,590958,590958.0,282580,Antimony,Compound
282580 Antimony Oxides,Hong Kong,2019,503050,503050.0,282580,Antimony,Compound
282580 Antimony Oxides,Japan,2023,1502894,1560244.0,282580,Antimony,Compound
282580 Antimony Oxides,Thailand,2012,920000,920000.0,282580,Antimony,Compound
282580 Antimony Oxides,"Korea, South",2019,389768,389768.0,282580,Antimony,Compound
282580 Antimony Oxides,Singapore,2012,25943,25943.0,282580,Antimony,Compound
282580 Antimony Oxides,Taiwan,2002,33300,33300.0,282580,Antimony,Compound
282580 Antimony Oxides,"Korea, South",2024,129967,129967.0,282580,Antimony,Compound
282580 Antimony Oxides,Japan,2002,494527,494527.0,282580,Antimony,Compound
282580 Antimony Oxides,Thailand,2024,5400000,5400000.0,282580,Antimony,Compound
282580 Antimony Oxides,Japan,2011,2398329,2398329.0,282580,Antimony,Compound
282580 Antimony Oxides,Hong Kong,2003,4149981,4149981.0,282580,Antimony,Compound
282580 Antimony Oxides,"Korea, South",2025,7893870,7893870.0,282580,Antimony,Compound
282580 Antimony Oxides,"Korea, South",2014,83575,83575.0,282580,Antimony,Compound
282580 Antimony Oxides,Japan,2024,1167004,1194045.0,282580,Antimony,Compound
282580 Antimony Oxides,"Korea, South",2016,176920,176920.0,282580,Antimony,Compound
282580 Antimony Oxides,Japan,2016,3416663,3416663.0,282580,Antimony,Compound
282580 Antimony Oxides,Japan,2007,1996840,1996840.0,282580,Antimony,Compound
282580 Antimony Oxides,Thailand,2017,6854329,6854329.0,282580,Antimony,Compound
282580 Antimony Oxides,Taiwan,2025,6010870,6010870.0,282580,Antimony,Compound
282580 Antimony Oxides,"Korea, South",2017,170679,170679.0,282580,Antimony,Compound
282580 Antimony Oxides,Vietnam,2008,51000,51000.0,282580,Antimony,Compound
282580 Antimony Oxides,Hong Kong,2008,43000,43000.0,282580,Antimony,Compound
282580 Antimony Oxides,Thailand,2018,5340000,5340000.0,282580,Antimony,Compound
282580 Antimony Oxides,Thailand,2025,12342000,12342000.0,282580,Antimony,Compound
282580 Antimony Oxides,Taiwan,2008,823753,823753.0,282580,Antimony,Compound
282580 Antimony Oxides,Japan,2008,1473939,1473939.0,282580,Antimony,Compound
282580 Antimony Oxides,Taiwan,2017,128000,128000.0,282580,Antimony,Compound
282580 Antimony Oxides,Taiwan,2009,557465,557465.0,282580,Antimony,Compound
282580 Antimony Oxides,Japan,2009,1057985,1057985.0,282580,Antimony,Compound
282580 Antimony Oxides,Japan,2017,2753342,2753342.0,282580,Antimony,Compound
282580 Antimony Oxides,Hong Kong,2010,113135,113135.0,282580,Antimony,Compound
282580 Antimony Oxides,Taiwan,2010,1147580,1147580.0,282580,Antimony,Compound
282580 Antimony Oxides,Thailand,2016,3240000,3240000.0,282580,Antimony,Compound
282580 Antimony Oxides,Japan,2015,3462692,3462692.0,282580,Antimony,Compound
282580 Antimony Oxides,Hong Kong,2007,258467,258467.0,282580,Antimony,Compound
282580 Antimony Oxides,Hong Kong,2015,2752,2752.0,282580,Antimony,Compound
282580 Antimony Oxides,Hong Kong,2006,95969,95969.0,282580,Antimony,Compound
282580 Antimony Oxides,Hong Kong,2014,520000,520000.0,282580,Antimony,Compound
282580 Antimony Oxides,Japan,2006,1974496,1974496.0,282580,Antimony,Compound
282580 Antimony Oxides,Thailand,2023,2160000,2160000.0,282580,Antimony,Compound
282580 Antimony Oxides,Taiwan,2014,4266,4266.0,282580,Antimony,Compound
282580 Antimony Oxides,Japan,2014,4210349,4210349.0,282580,Antimony,Compound
282580 Antimony Oxides,Vietnam,2007,251000,251000.0,282580,Antimony,Compound
282580 Antimony Oxides,"Korea, South",2021,739752,739752.0,282580,Antimony,Compound
282580 Antimony Oxides,Thailand,2015,7740000,7740000.0,282580,Antimony,Compound
282580 Antimony Oxides,Taiwan,2018,515052,515052.0,282580,Antimony,Compound
282580 Antimony Oxides,Thailand,2021,1992500,1992500.0,282580,Antimony,Compound
282580 Antimony Oxides,Hong Kong,2018,435750,435750.0,282580,Antimony,Compound
282580 Antimony Oxides,Japan,2021,1004176,944636.0,282580,Antimony,Compound
282580 Antimony Oxides,Thailand,2007,8501,8501.0,282580,Antimony,Compound
282580 Antimony Oxides,"Korea, South",2022,1576370,1576370.0,282580,Antimony,Compound
282580 Antimony Oxides,"Korea, South",2015,16384,16384.0,282580,Antimony,Compound
282580 Antimony Oxides,Japan,2018,4172927,4154774.0,282580,Antimony,Compound
282580 Antimony Oxides,"Korea, South",2018,332061,332061.0,282580,Antimony,Compound
282580 Antimony Oxides,Japan,2025,2921389,2938154.0,282580,Antimony,Compound
282580 Antimony Oxides,Japan,2022,1934807,1899542.0,282580,Antimony,Compound
"711041 Iridium, Osmium And Ruthenium, Unwrought Or Powder",Taiwan,2018,850574,850574.0,711041,Platinum Group Metals,Other
"711041 Iridium, Osmium And Ruthenium, Unwrought Or Powder",Japan,2015,134969,134969.0,711041,Platinum Group Metals,Other
"711041 Iridium, Osmium And Ruthenium, Unwrought Or Powder",Thailand,2017,34043,34043.0,711041,Platinum Group Metals,Other
"711041 Iridium, Osmium And Ruthenium, Unwrought Or Powder","Korea, South",2020,41282,41282.0,711041,Platinum Group Metals,Other
"711041 Iridium, Osmium And Ruthenium, Unwrought Or Powder",Japan,2017,202013,202013.0,711041,Platinum Group Metals,Other
"711041 Iridium, Osmium And Ruthenium, Unwrought Or Powder",Hong Kong,2018,354550,354550.0,711041,Platinum Group Metals,Other
"711041 Iridium, Osmium And Ruthenium, Unwrought Or Powder","Korea, South",2019,79736,79736.0,711041,Platinum Group Metals,Other
"711041 Iridium, Osmium And Ruthenium, Unwrought Or Powder",Japan,2018,169978,169978.0,711041,Platinum Group Metals,Other
"711041 Iridium, Osmium And Ruthenium, Unwrought Or Powder",Hong Kong,2019,492724,492724.0,711041,Platinum Group Metals,Other
"711041 Iridium, Osmium And Ruthenium, Unwrought Or Powder",Japan,2019,2534354,2534354.0,711041,Platinum Group Metals,Other
"711041 Iridium, Osmium And Ruthenium, Unwrought Or Powder",Japan,2020,2031823,2031823.0,711041,Platinum Group Metals,Other
"711041 Iridium, Osmium And Ruthenium, Unwrought Or Powder",Singapore,2022,4823,4823.0,711041,Platinum Group Metals,Other
"711041 Iridium, Osmium And Ruthenium, Unwrought Or Powder",Taiwan,2014,217449,217449.0,711041,Platinum Group Metals,Other
"711041 Iridium, Osmium And Ruthenium, Unwrought Or Powder",Japan,2005,78436,78436.0,711041,Platinum Group Metals,Other
"711041 Iridium, Osmium And Ruthenium, Unwrought Or Powder",Taiwan,2005,2393,2393.0,711041,Platinum Group Metals,Other
"711041 Iridium, Osmium And Ruthenium, Unwrought Or Powder",Japan,2014,3643,3643.0,711041,Platinum Group Metals,Other
"711041 Iridium, Osmium And Ruthenium, Unwrought Or Powder",Japan,2003,9685,9685.0,711041,Platinum Group Metals,Other
"711041 Iridium, Osmium And Ruthenium, Unwrought Or Powder",Japan,2001,2438,,711041,Platinum Group Metals,Other
"711041 Iridium, Osmium And Ruthenium, Unwrought Or Powder",Singapore,2001,18806,,711041,Platinum Group Metals,Other
"711041 Iridium, Osmium And Ruthenium, Unwrought Or Powder",Singapore,2006,1726555,1726555.0,711041,Platinum Group Metals,Other
"711041 Iridium, Osmium And Ruthenium, Unwrought Or Powder",Japan,2021,18596742,18596742.0,711041,Platinum Group Metals,Other
"711041 Iridium, Osmium And Ruthenium, Unwrought Or Powder",Hong Kong,2022,2508,2508.0,711041,Platinum Group Metals,Other
"711041 Iridium, Osmium And Ruthenium, Unwrought Or Powder",Japan,2022,14493871,14493871.0,711041,Platinum Group Metals,Other
"711041 Iridium, Osmium And Ruthenium, Unwrought Or Powder","Korea, South",2023,201071,201071.0,711041,Platinum Group Metals,Other
"711041 Iridium, Osmium And Ruthenium, Unwrought Or Powder",Japan,2023,12538046,12538046.0,711041,Platinum Group Metals,Other
"711041 Iridium, Osmium And Ruthenium, Unwrought Or Powder",Japan,2024,8080911,8080911.0,711041,Platinum Group Metals,Other
"711041 Iridium, Osmium And Ruthenium, Unwrought Or Powder",Japan,2025,3579436,3579436.0,711041,Platinum Group Metals,Other
"711041 Iridium, Osmium And Ruthenium, Unwrought Or Powder","Korea, South",2022,405000,405000.0,711041,Platinum Group Metals,Other
"711041 Iridium, Osmium And Ruthenium, Unwrought Or Powder",Japan,2006,284663,284663.0,711041,Platinum Group Metals,Other
"711041 Iridium, Osmium And Ruthenium, Unwrought Or Powder",Singapore,2005,120000,120000.0,711041,Platinum Group Metals,Other
"711041 Iridium, Osmium And Ruthenium, Unwrought Or Powder",Hong Kong,2007,1138374,1138374.0,711041,Platinum Group Metals,Other
"711041 Iridium, Osmium And Ruthenium, Unwrought Or Powder",Singapore,2014,78572,78572.0,711041,Platinum Group Metals,Other
"711041 Iridium, Osmium And Ruthenium, Unwrought Or Powder",Japan,2013,344017,344017.0,711041,Platinum Group Metals,Other
"711041 Iridium, Osmium And Ruthenium, Unwrought Or Powder",Singapore,2013,43784,43784.0,711041,Platinum Group Metals,Other
"711041 Iridium, Osmium And Ruthenium, Unwrought Or Powder",Singapore,2007,11107364,11107364.0,711041,Platinum Group Metals,Other
"711041 Iridium, Osmium And Ruthenium, Unwrought Or Powder",Singapore,2012,2248,2248.0,711041,Platinum Group Metals,Other
"711041 Iridium, Osmium And Ruthenium, Unwrought Or Powder",Japan,2011,1172154,1172154.0,711041,Platinum Group Metals,Other
"711041 Iridium, Osmium And Ruthenium, Unwrought Or Powder",Taiwan,2011,2530,2530.0,711041,Platinum Group Metals,Other
"711041 Iridium, Osmium And Ruthenium, Unwrought Or Powder",Singapore,2011,9150,9150.0,711041,Platinum Group Metals,Other
"711041 Iridium, Osmium And Ruthenium, Unwrought Or Powder",Japan,2012,1349663,1349663.0,711041,Platinum Group Metals,Other
"711041 Iridium, Osmium And Ruthenium, Unwrought Or Powder",Japan,2009,1925318,1925318.0,711041,Platinum Group Metals,Other
"711041 Iridium, Osmium And Ruthenium, Unwrought Or Powder",Japan,2008,4701244,4701244.0,711041,Platinum Group Metals,Other
"711041 Iridium, Osmium And Ruthenium, Unwrought Or Powder",Taiwan,2008,12421,12421.0,711041,Platinum Group Metals,Other
"711041 Iridium, Osmium And Ruthenium, Unwrought Or Powder",Singapore,2008,356000,356000.0,711041,Platinum Group Metals,Other
"711041 Iridium, Osmium And Ruthenium, Unwrought Or Powder",Japan,2007,2166743,2166743.0,711041,Platinum Group Metals,Other
"711041 Iridium, Osmium And Ruthenium, Unwrought Or Powder",Japan,2010,3375226,3375226.0,711041,Platinum Group Metals,Other
"711041 Iridium, Osmium And Ruthenium, Unwrought Or Powder",Taiwan,2007,4068993,4068993.0,711041,Platinum Group Metals,Other
"711049 Iridium, Osmium And Ruthenium, Semimanufactured",Japan,2015,3516817,3516817.0,711049,Platinum Group Metals,Other
"711049 Iridium, Osmium And Ruthenium, Semimanufactured",Singapore,2016,115469,115469.0,711049,Platinum Group Metals,Other
"711049 Iridium, Osmium And Ruthenium, Semimanufactured",Japan,2016,3241498,3241498.0,711049,Platinum Group Metals,Other
"711049 Iridium, Osmium And Ruthenium, Semimanufactured",Singapore,2017,3241,3241.0,711049,Platinum Group Metals,Other
"711049 Iridium, Osmium And Ruthenium, Semimanufactured",Singapore,2018,3020,3020.0,711049,Platinum Group Metals,Other
"711049 Iridium, Osmium And Ruthenium, Semimanufactured",Japan,2018,2745216,2745216.0,711049,Platinum Group Metals,Other
"711049 Iridium, Osmium And Ruthenium, Semimanufactured",Japan,2019,4187312,4187312.0,711049,Platinum Group Metals,Other
"711049 Iridium, Osmium And Ruthenium, Semimanufactured",Japan,2020,3545939,3545939.0,711049,Platinum Group Metals,Other
"711049 Iridium, Osmium And Ruthenium, Semimanufactured",Japan,2017,4311130,4311130.0,711049,Platinum Group Metals,Other
"711049 Iridium, Osmium And Ruthenium, Semimanufactured",Taiwan,2015,2030,2030.0,711049,Platinum Group Metals,Other
"711049 Iridium, Osmium And Ruthenium, Semimanufactured",Taiwan,2017,4851,4851.0,711049,Platinum Group Metals,Other
"711049 Iridium, Osmium And Ruthenium, Semimanufactured",Japan,2014,1150129,1150129.0,711049,Platinum Group Metals,Other
"711049 Iridium, Osmium And Ruthenium, Semimanufactured",Taiwan,2023,7800,7800.0,711049,Platinum Group Metals,Other
"711049 Iridium, Osmium And Ruthenium, Semimanufactured","Korea, South",2023,4735,4735.0,711049,Platinum Group Metals,Other
"711049 Iridium, Osmium And Ruthenium, Semimanufactured",Singapore,2023,79778,79778.0,711049,Platinum Group Metals,Other
"711049 Iridium, Osmium And Ruthenium, Semimanufactured",Japan,2010,250032,250032.0,711049,Platinum Group Metals,Other
"711049 Iridium, Osmium And Ruthenium, Semimanufactured",Thailand,2010,6071,6071.0,711049,Platinum Group Metals,Other
"711049 Iridium, Osmium And Ruthenium, Semimanufactured",Japan,2009,198376,198376.0,711049,Platinum Group Metals,Other
"711049 Iridium, Osmium And Ruthenium, Semimanufactured",Japan,2008,854477,854477.0,711049,Platinum Group Metals,Other
"711049 Iridium, Osmium And Ruthenium, Semimanufactured","Korea, South",2008,21022,21022.0,711049,Platinum Group Metals,Other
"711049 Iridium, Osmium And Ruthenium, Semimanufactured",Hong Kong,2007,2121,2121.0,711049,Platinum Group Metals,Other
"711049 Iridium, Osmium And Ruthenium, Semimanufactured",Japan,2006,219399,219399.0,711049,Platinum Group Metals,Other
"711049 Iridium, Osmium And Ruthenium, Semimanufactured",Taiwan,2006,3456,3456.0,711049,Platinum Group Metals,Other
"711049 Iridium, Osmium And Ruthenium, Semimanufactured",Japan,2023,6005130,6005130.0,711049,Platinum Group Metals,Other
"711049 Iridium, Osmium And Ruthenium, Semimanufactured",Hong Kong,2006,138600,138600.0,711049,Platinum Group Metals,Other
"711049 Iridium, Osmium And Ruthenium, Semimanufactured",Japan,2004,2543,2543.0,711049,Platinum Group Metals,Other
"711049 Iridium, Osmium And Ruthenium, Semimanufactured",Japan,2003,3362,3362.0,711049,Platinum Group Metals,Other
"711049 Iridium, Osmium And Ruthenium, Semimanufactured",Japan,2001,336887,,711049,Platinum Group Metals,Other
"711049 Iridium, Osmium And Ruthenium, Semimanufactured",Singapore,2001,49495,,711049,Platinum Group Metals,Other
"711049 Iridium, Osmium And Ruthenium, Semimanufactured",Thailand,2023,6500,6500.0,711049,Platinum Group Metals,Other
"711049 Iridium, Osmium And Ruthenium, Semimanufactured",Japan,2022,3223689,3223689.0,711049,Platinum Group Metals,Other
"711049 Iridium, Osmium And Ruthenium, Semimanufactured",Taiwan,2022,4500,4500.0,711049,Platinum Group Metals,Other
"711049 Iridium, Osmium And Ruthenium, Semimanufactured",Japan,2021,7207668,7207668.0,711049,Platinum Group Metals,Other
"711049 Iridium, Osmium And Ruthenium, Semimanufactured",Taiwan,2021,2769,2769.0,711049,Platinum Group Metals,Other
"711049 Iridium, Osmium And Ruthenium, Semimanufactured",Singapore,2021,9815,9815.0,711049,Platinum Group Metals,Other
"711049 Iridium, Osmium And Ruthenium, Semimanufactured",Singapore,2015,162942,162942.0,711049,Platinum Group Metals,Other
"711049 Iridium, Osmium And Ruthenium, Semimanufactured",Japan,2005,90290,90290.0,711049,Platinum Group Metals,Other
"711049 Iridium, Osmium And Ruthenium, Semimanufactured",Philippines,2024,9548,9548.0,711049,Platinum Group Metals,Other
"711049 Iridium, Osmium And Ruthenium, Semimanufactured",Japan,2007,5048263,5048263.0,711049,Platinum Group Metals,Other
"711049 Iridium, Osmium And Ruthenium, Semimanufactured",Japan,2011,187038,187038.0,711049,Platinum Group Metals,Other
"711049 Iridium, Osmium And Ruthenium, Semimanufactured",Japan,2012,13145,13145.0,711049,Platinum Group Metals,Other
"711049 Iridium, Osmium And Ruthenium, Semimanufactured",Singapore,2025,1116612,1116612.0,711049,Platinum Group Metals,Other
"711049 Iridium, Osmium And Ruthenium, Semimanufactured",Singapore,2011,32497,32497.0,711049,Platinum Group Metals,Other
"711049 Iridium, Osmium And Ruthenium, Semimanufactured",Japan,2025,3203891,3203891.0,711049,Platinum Group Metals,Other
"711049 Iridium, Osmium And Ruthenium, Semimanufactured",Singapore,2014,75618,75618.0,711049,Platinum Group Metals,Other
"711049 Iridium, Osmium And Ruthenium, Semimanufactured",Hong Kong,2014,3356,3356.0,711049,Platinum Group Metals,Other
"711049 Iridium, Osmium And Ruthenium, Semimanufactured",Japan,2024,4431181,4431181.0,711049,Platinum Group Metals,Other
"711049 Iridium, Osmium And Ruthenium, Semimanufactured",Japan,2013,2989004,2989004.0,711049,Platinum Group Metals,Other
"711049 Iridium, Osmium And Ruthenium, Semimanufactured",Taiwan,2013,2770,2770.0,711049,Platinum Group Metals,Other
850511 Permanent Magnets Made Of Metal,Taiwan,2009,2050315,2050315.0,850511,Electric Steel,Advanced Product
850511 Permanent Magnets Made Of Metal,Hong Kong,2009,436058,429438.0,850511,Electric Steel,Advanced Product
850511 Permanent Magnets Made Of Metal,"Korea, South",2009,2522484,990167.0,850511,Electric Steel,Advanced Product
850511 Permanent Magnets Made Of Metal,Thailand,2009,131344,131344.0,850511,Electric Steel,Advanced Product
850511 Permanent Magnets Made Of Metal,Indonesia,2009,40799,40799.0,850511,Electric Steel,Advanced Product
850511 Permanent Magnets Made Of Metal,Singapore,2009,33239,33239.0,850511,Electric Steel,Advanced Product
850511 Permanent Magnets Made Of Metal,Malaysia,2009,818059,818059.0,850511,Electric Steel,Advanced Product
850511 Permanent Magnets Made Of Metal,Vietnam,2009,23810,23810.0,850511,Electric Steel,Advanced Product
850511 Permanent Magnets Made Of Metal,Philippines,2009,3182225,3182225.0,850511,Electric Steel,Advanced Product
850511 Permanent Magnets Made Of Metal,Japan,2009,12644197,12098112.0,850511,Electric Steel,Advanced Product
850511 Permanent Magnets Made Of Metal,Japan,2006,29527992,28812544.0,850511,Electric Steel,Advanced Product
850511 Permanent Magnets Made Of Metal,Vietnam,2010,44134,44134.0,850511,Electric Steel,Advanced Product
850511 Permanent Magnets Made Of Metal,Malaysia,2010,1100582,1100582.0,850511,Electric Steel,Advanced Product
850511 Permanent Magnets Made Of Metal,Singapore,2010,126976,126976.0,850511,Electric Steel,Advanced Product
850511 Permanent Magnets Made Of Metal,Indonesia,2010,66884,66884.0,850511,Electric Steel,Advanced Product
850511 Permanent Magnets Made Of Metal,Philippines,2010,9156848,9156848.0,850511,Electric Steel,Advanced Product
850511 Permanent Magnets Made Of Metal,"Korea, South",2010,4560973,1534631.0,850511,Electric Steel,Advanced Product
850511 Permanent Magnets Made Of Metal,Hong Kong,2010,671094,671094.0,850511,Electric Steel,Advanced Product
850511 Permanent Magnets Made Of Metal,Taiwan,2010,2521177,2521177.0,850511,Electric Steel,Advanced Product
850511 Permanent Magnets Made Of Metal,Japan,2010,19949905,19247254.0,850511,Electric Steel,Advanced Product
850511 Permanent Magnets Made Of Metal,Thailand,2021,792057,792057.0,850511,Electric Steel,Advanced Product
850511 Permanent Magnets Made Of Metal,Thailand,2010,33568,33568.0,850511,Electric Steel,Advanced Product
850511 Permanent Magnets Made Of Metal,Japan,2008,28134265,27324179.0,850511,Electric Steel,Advanced Product
850511 Permanent Magnets Made Of Metal,Hong Kong,2008,1175484,1090204.0,850511,Electric Steel,Advanced Product
850511 Permanent Magnets Made Of Metal,Thailand,2007,66195,66195.0,850511,Electric Steel,Advanced Product
850511 Permanent Magnets Made Of Metal,Thailand,2005,33385,33385.0,850511,Electric Steel,Advanced Product
850511 Permanent Magnets Made Of Metal,Japan,2004,32368417,31220063.0,850511,Electric Steel,Advanced Product
850511 Permanent Magnets Made Of Metal,Taiwan,2004,2931960,2931960.0,850511,Electric Steel,Advanced Product
850511 Permanent Magnets Made Of Metal,Hong Kong,2004,746176,679031.0,850511,Electric Steel,Advanced Product
850511 Permanent Magnets Made Of Metal,"Korea, South",2004,5931376,4205649.0,850511,Electric Steel,Advanced Product
850511 Permanent Magnets Made Of Metal,Macau,2004,2400,2400.0,850511,Electric Steel,Advanced Product
850511 Permanent Magnets Made Of Metal,Vietnam,2005,30309,30309.0,850511,Electric Steel,Advanced Product
850511 Permanent Magnets Made Of Metal,Vietnam,2021,169873,178933.0,850511,Electric Steel,Advanced Product
850511 Permanent Magnets Made Of Metal,Malaysia,2004,179498,179498.0,850511,Electric Steel,Advanced Product
850511 Permanent Magnets Made Of Metal,Vietnam,2004,2785,2785.0,850511,Electric Steel,Advanced Product
850511 Permanent Magnets Made Of Metal,Thailand,2004,38922,38922.0,850511,Electric Steel,Advanced Product
850511 Permanent Magnets Made Of Metal,Malaysia,2007,867315,867315.0,850511,Electric Steel,Advanced Product
850511 Permanent Magnets Made Of Metal,Japan,2003,36953661,36439853.0,850511,Electric Steel,Advanced Product
850511 Permanent Magnets Made Of Metal,Singapore,2007,121550,121550.0,850511,Electric Steel,Advanced Product
850511 Permanent Magnets Made Of Metal,Singapore,2004,93784,93784.0,850511,Electric Steel,Advanced Product
850511 Permanent Magnets Made Of Metal,Malaysia,2005,243277,243277.0,850511,Electric Steel,Advanced Product
850511 Permanent Magnets Made Of Metal,Singapore,2005,75624,75624.0,850511,Electric Steel,Advanced Product
850511 Permanent Magnets Made Of Metal,Indonesia,2005,41043,41043.0,850511,Electric Steel,Advanced Product
850511 Permanent Magnets Made Of Metal,Taiwan,2006,3564379,3564379.0,850511,Electric Steel,Advanced Product
850511 Permanent Magnets Made Of Metal,Hong Kong,2006,699018,699018.0,850511,Electric Steel,Advanced Product
850511 Permanent Magnets Made Of Metal,"Korea, South",2006,5221450,2101920.0,850511,Electric Steel,Advanced Product
850511 Permanent Magnets Made Of Metal,Philippines,2006,2640085,2640085.0,850511,Electric Steel,Advanced Product
850511 Permanent Magnets Made Of Metal,Indonesia,2006,51859,51859.0,850511,Electric Steel,Advanced Product
850511 Permanent Magnets Made Of Metal,Singapore,2006,151567,151567.0,850511,Electric Steel,Advanced Product
850511 Permanent Magnets Made Of Metal,Malaysia,2006,1143478,1143478.0,850511,Electric Steel,Advanced Product
850511 Permanent Magnets Made Of Metal,Vietnam,2006,27395,27395.0,850511,Electric Steel,Advanced Product
850511 Permanent Magnets Made Of Metal,Vietnam,2007,17565,17565.0,850511,Electric Steel,Advanced Product
850511 Permanent Magnets Made Of Metal,Thailand,2006,13232,13232.0,850511,Electric Steel,Advanced Product
850511 Permanent Magnets Made Of Metal,Japan,2005,33734852,33246442.0,850511,Electric Steel,Advanced Product
850511 Permanent Magnets Made Of Metal,Taiwan,2005,3818738,3818738.0,850511,Electric Steel,Advanced Product
850511 Permanent Magnets Made Of Metal,Hong Kong,2005,707226,707226.0,850511,Electric Steel,Advanced Product
850511 Permanent Magnets Made Of Metal,"Korea, South",2005,4342259,2437947.0,850511,Electric Steel,Advanced Product
850511 Permanent Magnets Made Of Metal,Philippines,2005,1272799,1272799.0,850511,Electric Steel,Advanced Product
850511 Permanent Magnets Made Of Metal,Taiwan,2003,4646615,4646615.0,850511,Electric Steel,Advanced Product
850511 Permanent Magnets Made Of Metal,Hong Kong,2003,768061,658469.0,850511,Electric Steel,Advanced Product
850511 Permanent Magnets Made Of Metal,"Korea, South",2003,1735113,1716384.0,850511,Electric Steel,Advanced Product
850511 Permanent Magnets Made Of Metal,Philippines,2003,506962,506962.0,850511,Electric Steel,Advanced Product
850511 Permanent Magnets Made Of Metal,Philippines,2001,745303,,850511,Electric Steel,Advanced Product
850511 Permanent Magnets Made Of Metal,Singapore,2001,111490,,850511,Electric Steel,Advanced Product
850511 Permanent Magnets Made Of Metal,Malaysia,2001,682728,,850511,Electric Steel,Advanced Product
850511 Permanent Magnets Made Of Metal,Thailand,2001,560804,,850511,Electric Steel,Advanced Product
850511 Permanent Magnets Made Of Metal,"Korea, South",2007,6533321,2665717.0,850511,Electric Steel,Advanced Product
850511 Permanent Magnets Made Of Metal,Hong Kong,2007,938600,938600.0,850511,Electric Steel,Advanced Product
850511 Permanent Magnets Made Of Metal,Taiwan,2007,3434751,3434751.0,850511,Electric Steel,Advanced Product
850511 Permanent Magnets Made Of Metal,Japan,2007,27270666,26661512.0,850511,Electric Steel,Advanced Product
850511 Permanent Magnets Made Of Metal,Thailand,2008,83629,83629.0,850511,Electric Steel,Advanced Product
850511 Permanent Magnets Made Of Metal,Vietnam,2008,7027,7027.0,850511,Electric Steel,Advanced Product
850511 Permanent Magnets Made Of Metal,Malaysia,2008,457508,457508.0,850511,Electric Steel,Advanced Product
850511 Permanent Magnets Made Of Metal,Singapore,2008,94990,94990.0,850511,Electric Steel,Advanced Product
850511 Permanent Magnets Made Of Metal,Indonesia,2008,64822,64822.0,850511,Electric Steel,Advanced Product
850511 Permanent Magnets Made Of Metal,Philippines,2008,4467465,4467465.0,850511,Electric Steel,Advanced Product
850511 Permanent Magnets Made Of Metal,"Korea, South",2008,5176788,2285152.0,850511,Electric Steel,Advanced Product
850511 Permanent Magnets Made Of Metal,"Korea, South",2001,1814324,,850511,Electric Steel,Advanced Product
850511 Permanent Magnets Made Of Metal,Taiwan,2008,2833438,2833438.0,850511,Electric Steel,Advanced Product
850511 Permanent Magnets Made Of Metal,Hong Kong,2001,2247951,,850511,Electric Steel,Advanced Product
850511 Permanent Magnets Made Of Metal,Japan,2001,30780378,,850511,Electric Steel,Advanced Product
850511 Permanent Magnets Made Of Metal,Indonesia,2003,19499,19499.0,850511,Electric Steel,Advanced Product
850511 Permanent Magnets Made Of Metal,Singapore,2003,27054,27054.0,850511,Electric Steel,Advanced Product
850511 Permanent Magnets Made Of Metal,Malaysia,2003,549475,549475.0,850511,Electric Steel,Advanced Product
850511 Permanent Magnets Made Of Metal,Thailand,2003,171379,171379.0,850511,Electric Steel,Advanced Product
850511 Permanent Magnets Made Of Metal,Japan,2002,31301661,30929697.0,850511,Electric Steel,Advanced Product
850511 Permanent Magnets Made Of Metal,Taiwan,2002,3005438,3005438.0,850511,Electric Steel,Advanced Product
850511 Permanent Magnets Made Of Metal,Indonesia,2007,79229,79229.0,850511,Electric Steel,Advanced Product
850511 Permanent Magnets Made Of Metal,Hong Kong,2002,654940,654940.0,850511,Electric Steel,Advanced Product
850511 Permanent Magnets Made Of Metal,"Korea, South",2002,2000659,2000659.0,850511,Electric Steel,Advanced Product
850511 Permanent Magnets Made Of Metal,Philippines,2002,691740,691740.0,850511,Electric Steel,Advanced Product
850511 Permanent Magnets Made Of Metal,Philippines,2007,4410328,4410328.0,850511,Electric Steel,Advanced Product
850511 Permanent Magnets Made Of Metal,Indonesia,2002,14186,14186.0,850511,Electric Steel,Advanced Product
850511 Permanent Magnets Made Of Metal,Singapore,2002,27905,27905.0,850511,Electric Steel,Advanced Product
850511 Permanent Magnets Made Of Metal,Malaysia,2002,671145,671145.0,850511,Electric Steel,Advanced Product
850511 Permanent Magnets Made Of Metal,Thailand,2002,568159,568159.0,850511,Electric Steel,Advanced Product
850511 Permanent Magnets Made Of Metal,Taiwan,2001,3081969,,850511,Electric Steel,Advanced Product
850511 Permanent Magnets Made Of Metal,Philippines,2004,630758,630758.0,850511,Electric Steel,Advanced Product
850511 Permanent Magnets Made Of Metal,Indonesia,2004,27825,27825.0,850511,Electric Steel,Advanced Product
850511 Permanent Magnets Made Of Metal,Thailand,2011,157470,151635.0,850511,Electric Steel,Advanced Product
850511 Permanent Magnets Made Of Metal,Japan,2020,25964294,18549623.0,850511,Electric Steel,Advanced Product
850511 Permanent Magnets Made Of Metal,Cambodia,2021,99111,99111.0,850511,Electric Steel,Advanced Product
850511 Permanent Magnets Made Of Metal,Malaysia,2021,59475,59475.0,850511,Electric Steel,Advanced Product
850511 Permanent Magnets Made Of Metal,Singapore,2021,107540,107540.0,850511,Electric Steel,Advanced Product
850511 Permanent Magnets Made Of Metal,Indonesia,2021,313127,313127.0,850511,Electric Steel,Advanced Product
850511 Permanent Magnets Made Of Metal,Philippines,2021,17448912,17448912.0,850511,Electric Steel,Advanced Product
850511 Permanent Magnets Made Of Metal,"Korea, South",2021,7572194,7572194.0,850511,Electric Steel,Advanced Product
850511 Permanent Magnets Made Of Metal,Hong Kong,2021,121914,121914.0,850511,Electric Steel,Advanced Product
850511 Permanent Magnets Made Of Metal,Taiwan,2021,5871691,5871691.0,850511,Electric Steel,Advanced Product
850511 Permanent Magnets Made Of Metal,Japan,2021,32624891,26832950.0,850511,Electric Steel,Advanced Product
850511 Permanent Magnets Made Of Metal,Thailand,2022,649108,649108.0,850511,Electric Steel,Advanced Product
850511 Permanent Magnets Made Of Metal,Vietnam,2022,402418,402418.0,850511,Electric Steel,Advanced Product
850511 Permanent Magnets Made Of Metal,Malaysia,2022,918603,918603.0,850511,Electric Steel,Advanced Product
850511 Permanent Magnets Made Of Metal,Singapore,2022,362500,362500.0,850511,Electric Steel,Advanced Product
850511 Permanent Magnets Made Of Metal,Indonesia,2022,5459356,5459356.0,850511,Electric Steel,Advanced Product
850511 Permanent Magnets Made Of Metal,Taiwan,2020,3817066,3817038.0,850511,Electric Steel,Advanced Product
850511 Permanent Magnets Made Of Metal,Philippines,2022,6684226,6684226.0,850511,Electric Steel,Advanced Product
850511 Permanent Magnets Made Of Metal,Hong Kong,2020,219984,219984.0,850511,Electric Steel,Advanced Product
850511 Permanent Magnets Made Of Metal,Philippines,2020,12139895,12139895.0,850511,Electric Steel,Advanced Product
850511 Permanent Magnets Made Of Metal,Vietnam,2019,355101,355101.0,850511,Electric Steel,Advanced Product
850511 Permanent Magnets Made Of Metal,Malaysia,2019,7179337,7179337.0,850511,Electric Steel,Advanced Product
850511 Permanent Magnets Made Of Metal,Singapore,2019,93172,93172.0,850511,Electric Steel,Advanced Product
850511 Permanent Magnets Made Of Metal,Indonesia,2019,9919,9919.0,850511,Electric Steel,Advanced Product
850511 Permanent Magnets Made Of Metal,Philippines,2019,17730948,17730948.0,850511,Electric Steel,Advanced Product
850511 Permanent Magnets Made Of Metal,Macau,2019,7402,7402.0,850511,Electric Steel,Advanced Product
850511 Permanent Magnets Made Of Metal,"Korea, South",2019,2413347,2413347.0,850511,Electric Steel,Advanced Product
850511 Permanent Magnets Made Of Metal,Hong Kong,2019,215830,215830.0,850511,Electric Steel,Advanced Product
850511 Permanent Magnets Made Of Metal,Taiwan,2019,3390862,3376989.0,850511,Electric Steel,Advanced Product
850511 Permanent Magnets Made Of Metal,Japan,2019,39061553,27592361.0,850511,Electric Steel,Advanced Product
850511 Permanent Magnets Made Of Metal,Thailand,2020,202132,202132.0,850511,Electric Steel,Advanced Product
850511 Permanent Magnets Made Of Metal,Vietnam,2020,98211,98211.0,850511,Electric Steel,Advanced Product
850511 Permanent Magnets Made Of Metal,Malaysia,2020,2352495,2352495.0,850511,Electric Steel,Advanced Product
850511 Permanent Magnets Made Of Metal,Singapore,2020,123162,123162.0,850511,Electric Steel,Advanced Product
850511 Permanent Magnets Made Of Metal,Indonesia,2020,23641,23641.0,850511,Electric Steel,Advanced Product
850511 Permanent Magnets Made Of Metal,"Korea, South",2020,4317204,4317204.0,850511,Electric Steel,Advanced Product
850511 Permanent Magnets Made Of Metal,Thailand,2019,461270,461270.0,850511,Electric Steel,Advanced Product
850511 Permanent Magnets Made Of Metal,Mongolia,2022,3465,3465.0,850511,Electric Steel,Advanced Product
850511 Permanent Magnets Made Of Metal,Taiwan,2022,9398504,9398504.0,850511,Electric Steel,Advanced Product
850511 Permanent Magnets Made Of Metal,"Korea, South",2024,9811059,9765197.0,850511,Electric Steel,Advanced Product
850511 Permanent Magnets Made Of Metal,Hong Kong,2024,72198,72198.0,850511,Electric Steel,Advanced Product
850511 Permanent Magnets Made Of Metal,Taiwan,2024,7562302,7553622.0,850511,Electric Steel,Advanced Product
850511 Permanent Magnets Made Of Metal,Japan,2024,19781902,14672007.0,850511,Electric Steel,Advanced Product
850511 Permanent Magnets Made Of Metal,Thailand,2025,224345,224345.0,850511,Electric Steel,Advanced Product
850511 Permanent Magnets Made Of Metal,Vietnam,2025,545050,372735.0,850511,Electric Steel,Advanced Product
850511 Permanent Magnets Made Of Metal,Cambodia,2025,141337,141337.0,850511,Electric Steel,Advanced Product
850511 Permanent Magnets Made Of Metal,Malaysia,2025,569578,569578.0,850511,Electric Steel,Advanced Product
850511 Permanent Magnets Made Of Metal,Singapore,2025,253272,253272.0,850511,Electric Steel,Advanced Product
850511 Permanent Magnets Made Of Metal,Indonesia,2025,3548515,3548515.0,850511,Electric Steel,Advanced Product
850511 Permanent Magnets Made Of Metal,Philippines,2025,2713846,2713846.0,850511,Electric Steel,Advanced Product
850511 Permanent Magnets Made Of Metal,"Korea, South",2025,2025619,2071679.0,850511,Electric Steel,Advanced Product
850511 Permanent Magnets Made Of Metal,Hong Kong,2025,4320,4320.0,850511,Electric Steel,Advanced Product
850511 Permanent Magnets Made Of Metal,Taiwan,2025,4090307,4090307.0,850511,Electric Steel,Advanced Product
850511 Permanent Magnets Made Of Metal,Japan,2025,9537798,7893805.0,850511,Electric Steel,Advanced Product
850511 Permanent Magnets Made Of Metal,Philippines,2024,8894106,9198547.0,850511,Electric Steel,Advanced Product
850511 Permanent Magnets Made Of Metal,"Korea, South",2022,9420323,9420323.0,850511,Electric Steel,Advanced Product
850511 Permanent Magnets Made Of Metal,Indonesia,2024,6185995,6185995.0,850511,Electric Steel,Advanced Product
850511 Permanent Magnets Made Of Metal,Malaysia,2024,1670265,1670265.0,850511,Electric Steel,Advanced Product
850511 Permanent Magnets Made Of Metal,Japan,2022,35192544,27550492.0,850511,Electric Steel,Advanced Product
850511 Permanent Magnets Made Of Metal,Thailand,2023,258250,258250.0,850511,Electric Steel,Advanced Product
850511 Permanent Magnets Made Of Metal,Vietnam,2023,566890,566890.0,850511,Electric Steel,Advanced Product
850511 Permanent Magnets Made Of Metal,Cambodia,2023,46987,46987.0,850511,Electric Steel,Advanced Product
850511 Permanent Magnets Made Of Metal,Malaysia,2023,693147,693147.0,850511,Electric Steel,Advanced Product
850511 Permanent Magnets Made Of Metal,Singapore,2023,657579,657579.0,850511,Electric Steel,Advanced Product
850511 Permanent Magnets Made Of Metal,Indonesia,2023,5476178,5481162.0,850511,Electric Steel,Advanced Product
850511 Permanent Magnets Made Of Metal,Philippines,2023,6905136,7200462.0,850511,Electric Steel,Advanced Product
850511 Permanent Magnets Made Of Metal,"Korea, South",2023,4247866,4247866.0,850511,Electric Steel,Advanced Product
850511 Permanent Magnets Made Of Metal,Hong Kong,2023,46662,46662.0,850511,Electric Steel,Advanced Product
850511 Permanent Magnets Made Of Metal,Taiwan,2023,6924633,6922463.0,850511,Electric Steel,Advanced Product
850511 Permanent Magnets Made Of Metal,Japan,2023,26631388,18309527.0,850511,Electric Steel,Advanced Product
850511 Permanent Magnets Made Of Metal,Thailand,2024,274666,274666.0,850511,Electric Steel,Advanced Product
850511 Permanent Magnets Made Of Metal,Vietnam,2024,1069338,976296.0,850511,Electric Steel,Advanced Product
850511 Permanent Magnets Made Of Metal,Cambodia,2024,200231,185666.0,850511,Electric Steel,Advanced Product
850511 Permanent Magnets Made Of Metal,Singapore,2024,1753736,1753736.0,850511,Electric Steel,Advanced Product
850511 Permanent Magnets Made Of Metal,Japan,2018,49943487,36051715.0,850511,Electric Steel,Advanced Product
850511 Permanent Magnets Made Of Metal,Hong Kong,2022,192556,192556.0,850511,Electric Steel,Advanced Product
850511 Permanent Magnets Made Of Metal,Hong Kong,2018,428931,428931.0,850511,Electric Steel,Advanced Product
850511 Permanent Magnets Made Of Metal,Singapore,2013,167873,167873.0,850511,Electric Steel,Advanced Product
850511 Permanent Magnets Made Of Metal,Indonesia,2013,3144,3144.0,850511,Electric Steel,Advanced Product
850511 Permanent Magnets Made Of Metal,Philippines,2013,11544502,11516674.0,850511,Electric Steel,Advanced Product
850511 Permanent Magnets Made Of Metal,"Korea, South",2013,1333578,1333578.0,850511,Electric Steel,Advanced Product
850511 Permanent Magnets Made Of Metal,Hong Kong,2013,634852,632736.0,850511,Electric Steel,Advanced Product
850511 Permanent Magnets Made Of Metal,Taiwan,2013,3023269,2957190.0,850511,Electric Steel,Advanced Product
850511 Permanent Magnets Made Of Metal,Japan,2013,63254450,63274224.0,850511,Electric Steel,Advanced Product
850511 Permanent Magnets Made Of Metal,Thailand,2014,105162,105162.0,850511,Electric Steel,Advanced Product
850511 Permanent Magnets Made Of Metal,Vietnam,2014,8519,8519.0,850511,Electric Steel,Advanced Product
850511 Permanent Magnets Made Of Metal,Malaysia,2014,10420237,10420237.0,850511,Electric Steel,Advanced Product
850511 Permanent Magnets Made Of Metal,Singapore,2014,89201,89201.0,850511,Electric Steel,Advanced Product
850511 Permanent Magnets Made Of Metal,Indonesia,2014,120227,120227.0,850511,Electric Steel,Advanced Product
850511 Permanent Magnets Made Of Metal,Philippines,2014,25753513,25753513.0,850511,Electric Steel,Advanced Product
850511 Permanent Magnets Made Of Metal,"Korea, South",2014,1025403,1025403.0,850511,Electric Steel,Advanced Product
850511 Permanent Magnets Made Of Metal,Hong Kong,2014,1592588,1592588.0,850511,Electric Steel,Advanced Product
850511 Permanent Magnets Made Of Metal,Malaysia,2013,6508167,6508167.0,850511,Electric Steel,Advanced Product
850511 Permanent Magnets Made Of Metal,Taiwan,2014,2171026,2171026.0,850511,Electric Steel,Advanced Product
850511 Permanent Magnets Made Of Metal,Japan,2012,66614542,66688083.0,850511,Electric Steel,Advanced Product
850511 Permanent Magnets Made Of Metal,Hong Kong,2012,609712,609712.0,850511,Electric Steel,Advanced Product
850511 Permanent Magnets Made Of Metal,Taiwan,2018,2512210,2486424.0,850511,Electric Steel,Advanced Product
850511 Permanent Magnets Made Of Metal,Malaysia,2011,1786075,1786075.0,850511,Electric Steel,Advanced Product
850511 Permanent Magnets Made Of Metal,Singapore,2011,81438,81438.0,850511,Electric Steel,Advanced Product
850511 Permanent Magnets Made Of Metal,Indonesia,2011,22148,22148.0,850511,Electric Steel,Advanced Product
850511 Permanent Magnets Made Of Metal,Philippines,2011,23888531,23888531.0,850511,Electric Steel,Advanced Product
850511 Permanent Magnets Made Of Metal,"Korea, South",2011,5160333,1707921.0,850511,Electric Steel,Advanced Product
850511 Permanent Magnets Made Of Metal,Hong Kong,2011,459352,459352.0,850511,Electric Steel,Advanced Product
850511 Permanent Magnets Made Of Metal,Taiwan,2011,3413004,3411852.0,850511,Electric Steel,Advanced Product
850511 Permanent Magnets Made Of Metal,Japan,2011,31265367,31000234.0,850511,Electric Steel,Advanced Product
850511 Permanent Magnets Made Of Metal,Thailand,2012,199683,199683.0,850511,Electric Steel,Advanced Product
850511 Permanent Magnets Made Of Metal,Malaysia,2012,5224574,5224574.0,850511,Electric Steel,Advanced Product
850511 Permanent Magnets Made Of Metal,Singapore,2012,140884,140884.0,850511,Electric Steel,Advanced Product
850511 Permanent Magnets Made Of Metal,Indonesia,2012,4913,4913.0,850511,Electric Steel,Advanced Product
850511 Permanent Magnets Made Of Metal,Philippines,2012,31285492,31285492.0,850511,Electric Steel,Advanced Product
850511 Permanent Magnets Made Of Metal,"Korea, South",2012,3549021,1830647.0,850511,Electric Steel,Advanced Product
850511 Permanent Magnets Made Of Metal,Taiwan,2012,4332298,4398377.0,850511,Electric Steel,Advanced Product
850511 Permanent Magnets Made Of Metal,Japan,2014,33507432,33393212.0,850511,Electric Steel,Advanced Product
850511 Permanent Magnets Made Of Metal,Thailand,2013,106850,106850.0,850511,Electric Steel,Advanced Product
850511 Permanent Magnets Made Of Metal,Hong Kong,2017,216818,216818.0,850511,Electric Steel,Advanced Product
850511 Permanent Magnets Made Of Metal,Vietnam,2017,137012,137012.0,850511,Electric Steel,Advanced Product
850511 Permanent Magnets Made Of Metal,Malaysia,2017,10196988,10196988.0,850511,Electric Steel,Advanced Product
850511 Permanent Magnets Made Of Metal,Singapore,2017,86048,86048.0,850511,Electric Steel,Advanced Product
850511 Permanent Magnets Made Of Metal,Philippines,2017,13827145,13827145.0,850511,Electric Steel,Advanced Product
850511 Permanent Magnets Made Of Metal,"Korea, South",2017,1283019,1283019.0,850511,Electric Steel,Advanced Product
850511 Permanent Magnets Made Of Metal,Taiwan,2017,2032640,2013320.0,850511,Electric Steel,Advanced Product
850511 Permanent Magnets Made Of Metal,Japan,2017,42291191,28308589.0,850511,Electric Steel,Advanced Product
850511 Permanent Magnets Made Of Metal,Thailand,2018,320183,320183.0,850511,Electric Steel,Advanced Product
850511 Permanent Magnets Made Of Metal,Vietnam,2018,2288240,2288240.0,850511,Electric Steel,Advanced Product
850511 Permanent Magnets Made Of Metal,Malaysia,2018,10508251,10508251.0,850511,Electric Steel,Advanced Product
850511 Permanent Magnets Made Of Metal,Singapore,2018,85729,85729.0,850511,Electric Steel,Advanced Product
850511 Permanent Magnets Made Of Metal,Indonesia,2018,5507,5507.0,850511,Electric Steel,Advanced Product
850511 Permanent Magnets Made Of Metal,Philippines,2018,15353302,15337904.0,850511,Electric Steel,Advanced Product
850511 Permanent Magnets Made Of Metal,Thailand,2015,44423,44423.0,850511,Electric Steel,Advanced Product
850511 Permanent Magnets Made Of Metal,"Korea, South",2018,1151052,1151052.0,850511,Electric Steel,Advanced Product
850511 Permanent Magnets Made Of Metal,Japan,2016,33668610,22786982.0,850511,Electric Steel,Advanced Product
850511 Permanent Magnets Made Of Metal,Taiwan,2016,1943528,1921391.0,850511,Electric Steel,Advanced Product
850511 Permanent Magnets Made Of Metal,Thailand,2017,46268,50547.0,850511,Electric Steel,Advanced Product
850511 Permanent Magnets Made Of Metal,Hong Kong,2016,125581,125581.0,850511,Electric Steel,Advanced Product
850511 Permanent Magnets Made Of Metal,Vietnam,2015,7194,7194.0,850511,Electric Steel,Advanced Product
850511 Permanent Magnets Made Of Metal,Malaysia,2015,9964863,9964863.0,850511,Electric Steel,Advanced Product
850511 Permanent Magnets Made Of Metal,Singapore,2015,30570,30570.0,850511,Electric Steel,Advanced Product
850511 Permanent Magnets Made Of Metal,Indonesia,2015,5470,5470.0,850511,Electric Steel,Advanced Product
850511 Permanent Magnets Made Of Metal,Philippines,2015,20397542,20397542.0,850511,Electric Steel,Advanced Product
850511 Permanent Magnets Made Of Metal,"Korea, South",2015,1110380,1110380.0,850511,Electric Steel,Advanced Product
850511 Permanent Magnets Made Of Metal,Taiwan,2015,1992705,1971514.0,850511,Electric Steel,Advanced Product
850511 Permanent Magnets Made Of Metal,Japan,2015,24682866,20190851.0,850511,Electric Steel,Advanced Product
850511 Permanent Magnets Made Of Metal,Hong Kong,2015,634044,629760.0,850511,Electric Steel,Advanced Product
850511 Permanent Magnets Made Of Metal,Vietnam,2016,10500,10500.0,850511,Electric Steel,Advanced Product
850511 Permanent Magnets Made Of Metal,Malaysia,2016,9342600,9342600.0,850511,Electric Steel,Advanced Product
850511 Permanent Magnets Made Of Metal,Singapore,2016,77870,77870.0,850511,Electric Steel,Advanced Product
850511 Permanent Magnets Made Of Metal,Indonesia,2016,10590,10590.0,850511,Electric Steel,Advanced Product
850511 Permanent Magnets Made Of Metal,Philippines,2016,13349509,13349509.0,850511,Electric Steel,Advanced Product
850511 Permanent Magnets Made Of Metal,"Korea, South",2016,912284,912284.0,850511,Electric Steel,Advanced Product
850511 Permanent Magnets Made Of Metal,Thailand,2016,19438,13736.0,850511,Electric Steel,Advanced Product
"850650 Primary Cells And Batteries, Lithium",Thailand,2025,1062973,1062973.0,850650,Lithium,Other
"850650 Primary Cells And Batteries, Lithium",Macau,2009,16244,16244.0,850650,Lithium,Other
"850650 Primary Cells And Batteries, Lithium","Korea, South",2009,9976276,9976276.0,850650,Lithium,Other
"850650 Primary Cells And Batteries, Lithium",Japan,2009,43242438,42932222.0,850650,Lithium,Other
"850650 Primary Cells And Batteries, Lithium",Hong Kong,2009,1039490,1039490.0,850650,Lithium,Other
"850650 Primary Cells And Batteries, Lithium",Japan,2024,39048149,40127694.0,850650,Lithium,Other
"850650 Primary Cells And Batteries, Lithium",Taiwan,2009,3878145,3878145.0,850650,Lithium,Other
"850650 Primary Cells And Batteries, Lithium",Thailand,2010,304133,304133.0,850650,Lithium,Other
"850650 Primary Cells And Batteries, Lithium",Hong Kong,2025,73238,73238.0,850650,Lithium,Other
"850650 Primary Cells And Batteries, Lithium",Malaysia,2010,2806566,2806566.0,850650,Lithium,Other
"850650 Primary Cells And Batteries, Lithium",Singapore,2010,158484,158484.0,850650,Lithium,Other
"850650 Primary Cells And Batteries, Lithium",Indonesia,2010,9060753,9007326.0,850650,Lithium,Other
"850650 Primary Cells And Batteries, Lithium",Philippines,2010,273295,273295.0,850650,Lithium,Other
"850650 Primary Cells And Batteries, Lithium",Macau,2010,56900,56900.0,850650,Lithium,Other
"850650 Primary Cells And Batteries, Lithium","Korea, South",2010,32567483,32567483.0,850650,Lithium,Other
"850650 Primary Cells And Batteries, Lithium",Philippines,2009,135491,135491.0,850650,Lithium,Other
"850650 Primary Cells And Batteries, Lithium",Hong Kong,2010,2388414,2388414.0,850650,Lithium,Other
"850650 Primary Cells And Batteries, Lithium",Taiwan,2024,2928923,2928923.0,850650,Lithium,Other
"850650 Primary Cells And Batteries, Lithium",Indonesia,2009,5543111,5560395.0,850650,Lithium,Other
"850650 Primary Cells And Batteries, Lithium",Philippines,2025,103163,105641.0,850650,Lithium,Other
"850650 Primary Cells And Batteries, Lithium",Malaysia,2009,4648572,4648572.0,850650,Lithium,Other
"850650 Primary Cells And Batteries, Lithium",Taiwan,2010,4327700,4298034.0,850650,Lithium,Other
"850650 Primary Cells And Batteries, Lithium","Korea, South",2025,17722081,17722081.0,850650,Lithium,Other
"850650 Primary Cells And Batteries, Lithium",Malaysia,2008,4901011,5044789.0,850650,Lithium,Other
"850650 Primary Cells And Batteries, Lithium",Indonesia,2025,14658607,17932297.0,850650,Lithium,Other
"850650 Primary Cells And Batteries, Lithium",Singapore,2025,28665432,28667842.0,850650,Lithium,Other
"850650 Primary Cells And Batteries, Lithium",Singapore,2008,112400,112400.0,850650,Lithium,Other
"850650 Primary Cells And Batteries, Lithium",Indonesia,2008,5633623,5625281.0,850650,Lithium,Other
"850650 Primary Cells And Batteries, Lithium",Singapore,2009,256451,256451.0,850650,Lithium,Other
"850650 Primary Cells And Batteries, Lithium",Malaysia,2025,388703,439829.0,850650,Lithium,Other
"850650 Primary Cells And Batteries, Lithium",Vietnam,2025,662071,662071.0,850650,Lithium,Other
"850650 Primary Cells And Batteries, Lithium",Macau,2008,18647,18647.0,850650,Lithium,Other
"850650 Primary Cells And Batteries, Lithium","Korea, South",2008,9903981,9903981.0,850650,Lithium,Other
"850650 Primary Cells And Batteries, Lithium",Hong Kong,2008,702117,702117.0,850650,Lithium,Other
"850650 Primary Cells And Batteries, Lithium",Taiwan,2008,8757666,8757666.0,850650,Lithium,Other
"850650 Primary Cells And Batteries, Lithium",Japan,2008,56726643,56664182.0,850650,Lithium,Other
"850650 Primary Cells And Batteries, Lithium",Thailand,2009,367182,367182.0,850650,Lithium,Other
"850650 Primary Cells And Batteries, Lithium",Philippines,2008,117027,117027.0,850650,Lithium,Other
"850650 Primary Cells And Batteries, Lithium",Hong Kong,2024,222327,222327.0,850650,Lithium,Other
"850650 Primary Cells And Batteries, Lithium",Malaysia,2021,709423,816660.0,850650,Lithium,Other
"850650 Primary Cells And Batteries, Lithium","Korea, South",2024,31655176,31655176.0,850650,Lithium,Other
"850650 Primary Cells And Batteries, Lithium",Indonesia,2022,28399903,36446561.0,850650,Lithium,Other
"850650 Primary Cells And Batteries, Lithium",Singapore,2022,83096611,83618805.0,850650,Lithium,Other
"850650 Primary Cells And Batteries, Lithium",Malaysia,2022,1167895,1245814.0,850650,Lithium,Other
"850650 Primary Cells And Batteries, Lithium",Vietnam,2022,90138,90138.0,850650,Lithium,Other
"850650 Primary Cells And Batteries, Lithium",Thailand,2022,1320547,1320547.0,850650,Lithium,Other
"850650 Primary Cells And Batteries, Lithium",Taiwan,2025,2306612,2306612.0,850650,Lithium,Other
"850650 Primary Cells And Batteries, Lithium",Japan,2021,42746631,42700577.0,850650,Lithium,Other
"850650 Primary Cells And Batteries, Lithium",Philippines,2022,183444,183444.0,850650,Lithium,Other
"850650 Primary Cells And Batteries, Lithium",Taiwan,2021,5305689,5305130.0,850650,Lithium,Other
"850650 Primary Cells And Batteries, Lithium","Korea, South",2021,18840168,18836923.0,850650,Lithium,Other
"850650 Primary Cells And Batteries, Lithium",Philippines,2021,142090,142090.0,850650,Lithium,Other
"850650 Primary Cells And Batteries, Lithium",Indonesia,2021,19463294,19190081.0,850650,Lithium,Other
"850650 Primary Cells And Batteries, Lithium",Singapore,2021,81805108,86261479.0,850650,Lithium,Other
"850650 Primary Cells And Batteries, Lithium",Vietnam,2021,51139,51139.0,850650,Lithium,Other
"850650 Primary Cells And Batteries, Lithium",Thailand,2021,996749,993961.0,850650,Lithium,Other
"850650 Primary Cells And Batteries, Lithium",Vietnam,2008,93896,93896.0,850650,Lithium,Other
"850650 Primary Cells And Batteries, Lithium",Hong Kong,2021,1192173,1192173.0,850650,Lithium,Other
"850650 Primary Cells And Batteries, Lithium","Korea, South",2022,25140061,25140061.0,850650,Lithium,Other
"850650 Primary Cells And Batteries, Lithium",Hong Kong,2022,558150,558150.0,850650,Lithium,Other
"850650 Primary Cells And Batteries, Lithium",Taiwan,2022,8105260,8105260.0,850650,Lithium,Other
"850650 Primary Cells And Batteries, Lithium",Philippines,2024,1024288,1026901.0,850650,Lithium,Other
"850650 Primary Cells And Batteries, Lithium",Indonesia,2024,25288668,33566571.0,850650,Lithium,Other
"850650 Primary Cells And Batteries, Lithium",Singapore,2024,73322500,75821037.0,850650,Lithium,Other
"850650 Primary Cells And Batteries, Lithium",Malaysia,2024,1368460,1248961.0,850650,Lithium,Other
"850650 Primary Cells And Batteries, Lithium",Vietnam,2024,1253850,1250561.0,850650,Lithium,Other
"850650 Primary Cells And Batteries, Lithium",Thailand,2024,2070619,2070619.0,850650,Lithium,Other
"850650 Primary Cells And Batteries, Lithium",Japan,2023,37312330,38111757.0,850650,Lithium,Other
"850650 Primary Cells And Batteries, Lithium",Taiwan,2023,5982492,5982492.0,850650,Lithium,Other
"850650 Primary Cells And Batteries, Lithium",Hong Kong,2023,630249,645649.0,850650,Lithium,Other
"850650 Primary Cells And Batteries, Lithium","Korea, South",2023,29642160,29642160.0,850650,Lithium,Other
"850650 Primary Cells And Batteries, Lithium",Philippines,2023,163418,167027.0,850650,Lithium,Other
"850650 Primary Cells And Batteries, Lithium",Indonesia,2023,25220121,32281412.0,850650,Lithium,Other
"850650 Primary Cells And Batteries, Lithium",Singapore,2023,115767346,115614114.0,850650,Lithium,Other
"850650 Primary Cells And Batteries, Lithium",Malaysia,2023,1577812,1529937.0,850650,Lithium,Other
"850650 Primary Cells And Batteries, Lithium",Vietnam,2023,100956,95099.0,850650,Lithium,Other
"850650 Primary Cells And Batteries, Lithium",Thailand,2023,2230121,2224619.0,850650,Lithium,Other
"850650 Primary Cells And Batteries, Lithium",Japan,2022,50696859,50963717.0,850650,Lithium,Other
"850650 Primary Cells And Batteries, Lithium",Japan,2010,65826465,64654866.0,850650,Lithium,Other
"850650 Primary Cells And Batteries, Lithium",Thailand,2008,1504318,1504318.0,850650,Lithium,Other
"850650 Primary Cells And Batteries, Lithium",Taiwan,2020,9581243,9581243.0,850650,Lithium,Other
"850650 Primary Cells And Batteries, Lithium",Taiwan,2007,8462392,7939728.0,850650,Lithium,Other
"850650 Primary Cells And Batteries, Lithium",Japan,2014,39427900,39162778.0,850650,Lithium,Other
"850650 Primary Cells And Batteries, Lithium",Thailand,2015,1291614,1291614.0,850650,Lithium,Other
"850650 Primary Cells And Batteries, Lithium",Malaysia,2015,1260909,1367240.0,850650,Lithium,Other
"850650 Primary Cells And Batteries, Lithium",Singapore,2015,51565522,51556842.0,850650,Lithium,Other
"850650 Primary Cells And Batteries, Lithium",Indonesia,2015,28170604,27941647.0,850650,Lithium,Other
"850650 Primary Cells And Batteries, Lithium",Philippines,2015,101802,101802.0,850650,Lithium,Other
"850650 Primary Cells And Batteries, Lithium","Korea, South",2015,12679844,12679844.0,850650,Lithium,Other
"850650 Primary Cells And Batteries, Lithium",Hong Kong,2015,3107563,3107563.0,850650,Lithium,Other
"850650 Primary Cells And Batteries, Lithium",Taiwan,2015,3831011,3831011.0,850650,Lithium,Other
"850650 Primary Cells And Batteries, Lithium",Japan,2015,44575513,44086189.0,850650,Lithium,Other
"850650 Primary Cells And Batteries, Lithium",Thailand,2016,591880,591880.0,850650,Lithium,Other
"850650 Primary Cells And Batteries, Lithium",Vietnam,2016,20842,20842.0,850650,Lithium,Other
"850650 Primary Cells And Batteries, Lithium",Malaysia,2016,6155761,6275160.0,850650,Lithium,Other
"850650 Primary Cells And Batteries, Lithium",Singapore,2016,35616866,35616866.0,850650,Lithium,Other
"850650 Primary Cells And Batteries, Lithium",Indonesia,2016,25134164,24602970.0,850650,Lithium,Other
"850650 Primary Cells And Batteries, Lithium",Philippines,2016,31163,31163.0,850650,Lithium,Other
"850650 Primary Cells And Batteries, Lithium",Macau,2016,24687,24687.0,850650,Lithium,Other
"850650 Primary Cells And Batteries, Lithium",Taiwan,2014,6073921,6050972.0,850650,Lithium,Other
"850650 Primary Cells And Batteries, Lithium","Korea, South",2016,14744998,14744998.0,850650,Lithium,Other
"850650 Primary Cells And Batteries, Lithium",Hong Kong,2014,2235446,2235446.0,850650,Lithium,Other
"850650 Primary Cells And Batteries, Lithium",Philippines,2014,68221,68221.0,850650,Lithium,Other
"850650 Primary Cells And Batteries, Lithium",Japan,2012,55671197,57476954.0,850650,Lithium,Other
"850650 Primary Cells And Batteries, Lithium",Thailand,2013,745631,745631.0,850650,Lithium,Other
"850650 Primary Cells And Batteries, Lithium",Vietnam,2013,2325,2325.0,850650,Lithium,Other
"850650 Primary Cells And Batteries, Lithium",Malaysia,2013,1608903,1724681.0,850650,Lithium,Other
"850650 Primary Cells And Batteries, Lithium",Singapore,2013,26712506,26712506.0,850650,Lithium,Other
"850650 Primary Cells And Batteries, Lithium",Indonesia,2013,21195583,21069550.0,850650,Lithium,Other
"850650 Primary Cells And Batteries, Lithium",Philippines,2013,4233,4233.0,850650,Lithium,Other
"850650 Primary Cells And Batteries, Lithium",Macau,2013,477847,477847.0,850650,Lithium,Other
"850650 Primary Cells And Batteries, Lithium","Korea, South",2013,11901477,11901477.0,850650,Lithium,Other
"850650 Primary Cells And Batteries, Lithium",Hong Kong,2013,1672543,1672543.0,850650,Lithium,Other
"850650 Primary Cells And Batteries, Lithium",Taiwan,2013,11271226,11196476.0,850650,Lithium,Other
"850650 Primary Cells And Batteries, Lithium",Japan,2013,41167577,41329947.0,850650,Lithium,Other
"850650 Primary Cells And Batteries, Lithium",Thailand,2014,1520278,1520278.0,850650,Lithium,Other
"850650 Primary Cells And Batteries, Lithium",Vietnam,2014,5378,5378.0,850650,Lithium,Other
"850650 Primary Cells And Batteries, Lithium",Malaysia,2014,1640967,1775966.0,850650,Lithium,Other
"850650 Primary Cells And Batteries, Lithium",Singapore,2014,50584956,50576288.0,850650,Lithium,Other
"850650 Primary Cells And Batteries, Lithium",Indonesia,2014,26972039,26824619.0,850650,Lithium,Other
"850650 Primary Cells And Batteries, Lithium","Korea, South",2014,14831029,14831029.0,850650,Lithium,Other
"850650 Primary Cells And Batteries, Lithium",Taiwan,2012,5451072,5407410.0,850650,Lithium,Other
"850650 Primary Cells And Batteries, Lithium",Hong Kong,2016,2760481,2760481.0,850650,Lithium,Other
"850650 Primary Cells And Batteries, Lithium",Japan,2016,41423384,40927333.0,850650,Lithium,Other
"850650 Primary Cells And Batteries, Lithium",Vietnam,2019,145745,145745.0,850650,Lithium,Other
"850650 Primary Cells And Batteries, Lithium",Malaysia,2019,1185155,1207911.0,850650,Lithium,Other
"850650 Primary Cells And Batteries, Lithium",Singapore,2019,69249866,71853583.0,850650,Lithium,Other
"850650 Primary Cells And Batteries, Lithium",Indonesia,2019,25078529,24649788.0,850650,Lithium,Other
"850650 Primary Cells And Batteries, Lithium",Philippines,2019,309318,309318.0,850650,Lithium,Other
"850650 Primary Cells And Batteries, Lithium","Korea, South",2019,15767262,15714672.0,850650,Lithium,Other
"850650 Primary Cells And Batteries, Lithium",Hong Kong,2019,447375,447375.0,850650,Lithium,Other
"850650 Primary Cells And Batteries, Lithium",Taiwan,2019,5660839,5660839.0,850650,Lithium,Other
"850650 Primary Cells And Batteries, Lithium",Japan,2019,49135760,49412159.0,850650,Lithium,Other
"850650 Primary Cells And Batteries, Lithium",Thailand,2020,564022,552637.0,850650,Lithium,Other
"850650 Primary Cells And Batteries, Lithium",Vietnam,2020,25525,25525.0,850650,Lithium,Other
"850650 Primary Cells And Batteries, Lithium",Malaysia,2020,2682388,897697.0,850650,Lithium,Other
"850650 Primary Cells And Batteries, Lithium",Singapore,2020,66725211,71295823.0,850650,Lithium,Other
"850650 Primary Cells And Batteries, Lithium",Indonesia,2020,21731983,21365003.0,850650,Lithium,Other
"850650 Primary Cells And Batteries, Lithium",Philippines,2020,110736,108700.0,850650,Lithium,Other
"850650 Primary Cells And Batteries, Lithium","Korea, South",2020,20182893,20220982.0,850650,Lithium,Other
"850650 Primary Cells And Batteries, Lithium",Hong Kong,2020,382361,382361.0,850650,Lithium,Other
"850650 Primary Cells And Batteries, Lithium",Thailand,2019,697403,699517.0,850650,Lithium,Other
"850650 Primary Cells And Batteries, Lithium",Taiwan,2016,2683400,2683400.0,850650,Lithium,Other
"850650 Primary Cells And Batteries, Lithium",Japan,2018,50749029,50479370.0,850650,Lithium,Other
"850650 Primary Cells And Batteries, Lithium",Hong Kong,2018,1498480,1498480.0,850650,Lithium,Other
"850650 Primary Cells And Batteries, Lithium",Thailand,2017,680462,680462.0,850650,Lithium,Other
"850650 Primary Cells And Batteries, Lithium",Vietnam,2017,82630,82630.0,850650,Lithium,Other
"850650 Primary Cells And Batteries, Lithium",Malaysia,2017,4671000,4680158.0,850650,Lithium,Other
"850650 Primary Cells And Batteries, Lithium",Singapore,2017,56791276,56781023.0,850650,Lithium,Other
"850650 Primary Cells And Batteries, Lithium",Indonesia,2017,30782476,31195345.0,850650,Lithium,Other
"850650 Primary Cells And Batteries, Lithium",Philippines,2017,31208,31208.0,850650,Lithium,Other
"850650 Primary Cells And Batteries, Lithium","Korea, South",2017,16502914,16502397.0,850650,Lithium,Other
"850650 Primary Cells And Batteries, Lithium",Hong Kong,2017,2161400,2161400.0,850650,Lithium,Other
"850650 Primary Cells And Batteries, Lithium",Taiwan,2017,4351961,4351961.0,850650,Lithium,Other
"850650 Primary Cells And Batteries, Lithium",Japan,2017,42152227,41446865.0,850650,Lithium,Other
"850650 Primary Cells And Batteries, Lithium",Thailand,2018,2093586,2093586.0,850650,Lithium,Other
"850650 Primary Cells And Batteries, Lithium",Vietnam,2018,95040,95040.0,850650,Lithium,Other
"850650 Primary Cells And Batteries, Lithium",Malaysia,2018,6248829,6411966.0,850650,Lithium,Other
"850650 Primary Cells And Batteries, Lithium",Singapore,2018,82907769,83691851.0,850650,Lithium,Other
"850650 Primary Cells And Batteries, Lithium",Indonesia,2018,25326884,27570448.0,850650,Lithium,Other
"850650 Primary Cells And Batteries, Lithium",Philippines,2018,110815,110815.0,850650,Lithium,Other
"850650 Primary Cells And Batteries, Lithium","Korea, South",2018,17001954,17001954.0,850650,Lithium,Other
"850650 Primary Cells And Batteries, Lithium",Taiwan,2018,5833414,5833414.0,850650,Lithium,Other
"850650 Primary Cells And Batteries, Lithium",Japan,2007,68547173,67928597.0,850650,Lithium,Other
"850650 Primary Cells And Batteries, Lithium",Hong Kong,2012,2034332,2034332.0,850650,Lithium,Other
"850650 Primary Cells And Batteries, Lithium",Macau,2012,49679,49679.0,850650,Lithium,Other
"850650 Primary Cells And Batteries, Lithium",Philippines,2005,28601,28601.0,850650,Lithium,Other
"850650 Primary Cells And Batteries, Lithium",Indonesia,2005,2460686,2492190.0,850650,Lithium,Other
"850650 Primary Cells And Batteries, Lithium",Singapore,2005,1168903,1199219.0,850650,Lithium,Other
"850650 Primary Cells And Batteries, Lithium",Malaysia,2005,1735050,2115941.0,850650,Lithium,Other
"850650 Primary Cells And Batteries, Lithium",Thailand,2005,19573,19573.0,850650,Lithium,Other
"850650 Primary Cells And Batteries, Lithium",Japan,2004,50796455,50312914.0,850650,Lithium,Other
"850650 Primary Cells And Batteries, Lithium",Taiwan,2004,6825430,6825430.0,850650,Lithium,Other
"850650 Primary Cells And Batteries, Lithium",Hong Kong,2004,1482080,1467545.0,850650,Lithium,Other
"850650 Primary Cells And Batteries, Lithium","Korea, South",2004,4425308,4425308.0,850650,Lithium,Other
"850650 Primary Cells And Batteries, Lithium",Philippines,2004,15806,15806.0,850650,Lithium,Other
"850650 Primary Cells And Batteries, Lithium",Indonesia,2004,1349170,1349170.0,850650,Lithium,Other
"850650 Primary Cells And Batteries, Lithium",Singapore,2004,2884607,2794401.0,850650,Lithium,Other
"850650 Primary Cells And Batteries, Lithium",Malaysia,2004,2091131,2522196.0,850650,Lithium,Other
"850650 Primary Cells And Batteries, Lithium",Vietnam,2004,63416,63416.0,850650,Lithium,Other
"850650 Primary Cells And Batteries, Lithium",Thailand,2004,60499,60499.0,850650,Lithium,Other
"850650 Primary Cells And Batteries, Lithium",Japan,2003,50076015,49556820.0,850650,Lithium,Other
"850650 Primary Cells And Batteries, Lithium",Taiwan,2003,12504125,12504125.0,850650,Lithium,Other
"850650 Primary Cells And Batteries, Lithium","Korea, South",2005,7156419,7156419.0,850650,Lithium,Other
"850650 Primary Cells And Batteries, Lithium",Hong Kong,2003,2339498,2339498.0,850650,Lithium,Other
"850650 Primary Cells And Batteries, Lithium",Hong Kong,2005,1469419,1469419.0,850650,Lithium,Other
"850650 Primary Cells And Batteries, Lithium",Japan,2005,55431491,55053144.0,850650,Lithium,Other
"850650 Primary Cells And Batteries, Lithium",Hong Kong,2007,598096,595242.0,850650,Lithium,Other
"850650 Primary Cells And Batteries, Lithium","Korea, South",2007,6879281,6879281.0,850650,Lithium,Other
"850650 Primary Cells And Batteries, Lithium",Philippines,2007,278519,225959.0,850650,Lithium,Other
"850650 Primary Cells And Batteries, Lithium",Indonesia,2007,4408467,4346687.0,850650,Lithium,Other
"850650 Primary Cells And Batteries, Lithium",Singapore,2007,594346,594346.0,850650,Lithium,Other
"850650 Primary Cells And Batteries, Lithium",Malaysia,2007,6773751,6994996.0,850650,Lithium,Other
"850650 Primary Cells And Batteries, Lithium",Thailand,2007,305332,309903.0,850650,Lithium,Other
"850650 Primary Cells And Batteries, Lithium",Japan,2006,58333446,58031013.0,850650,Lithium,Other
"850650 Primary Cells And Batteries, Lithium",Taiwan,2006,13709782,11063306.0,850650,Lithium,Other
"850650 Primary Cells And Batteries, Lithium",Hong Kong,2006,698216,471719.0,850650,Lithium,Other
"850650 Primary Cells And Batteries, Lithium","Korea, South",2006,11193894,11193894.0,850650,Lithium,Other
"850650 Primary Cells And Batteries, Lithium",Philippines,2006,1141773,1141773.0,850650,Lithium,Other
"850650 Primary Cells And Batteries, Lithium",Indonesia,2006,4349179,4311559.0,850650,Lithium,Other
"850650 Primary Cells And Batteries, Lithium",Singapore,2006,1460819,1460819.0,850650,Lithium,Other
"850650 Primary Cells And Batteries, Lithium",Malaysia,2006,7110376,7492349.0,850650,Lithium,Other
"850650 Primary Cells And Batteries, Lithium",Cambodia,2006,8700,8700.0,850650,Lithium,Other
"850650 Primary Cells And Batteries, Lithium",Thailand,2006,56609,56609.0,850650,Lithium,Other
"850650 Primary Cells And Batteries, Lithium",Taiwan,2005,9870638,9870638.0,850650,Lithium,Other
"850650 Primary Cells And Batteries, Lithium","Korea, South",2012,11668189,11668189.0,850650,Lithium,Other
"850650 Primary Cells And Batteries, Lithium","Korea, South",2003,3719766,3719766.0,850650,Lithium,Other
"850650 Primary Cells And Batteries, Lithium",Philippines,2003,7039,7039.0,850650,Lithium,Other
"850650 Primary Cells And Batteries, Lithium",Thailand,2011,785568,785568.0,850650,Lithium,Other
"850650 Primary Cells And Batteries, Lithium",Vietnam,2011,107882,107882.0,850650,Lithium,Other
"850650 Primary Cells And Batteries, Lithium",Malaysia,2011,2977508,3046271.0,850650,Lithium,Other
"850650 Primary Cells And Batteries, Lithium",Singapore,2011,1230198,1230198.0,850650,Lithium,Other
"850650 Primary Cells And Batteries, Lithium",Indonesia,2011,10792726,10680124.0,850650,Lithium,Other
"850650 Primary Cells And Batteries, Lithium",Philippines,2011,269667,269667.0,850650,Lithium,Other
"850650 Primary Cells And Batteries, Lithium",Macau,2011,17678,17678.0,850650,Lithium,Other
"850650 Primary Cells And Batteries, Lithium","Korea, South",2011,22823629,22820200.0,850650,Lithium,Other
"850650 Primary Cells And Batteries, Lithium",Hong Kong,2011,2387147,2387147.0,850650,Lithium,Other
"850650 Primary Cells And Batteries, Lithium",Taiwan,2011,7078345,7038658.0,850650,Lithium,Other
"850650 Primary Cells And Batteries, Lithium",Japan,2011,68340377,66753216.0,850650,Lithium,Other
"850650 Primary Cells And Batteries, Lithium",Thailand,2012,634437,634437.0,850650,Lithium,Other
"850650 Primary Cells And Batteries, Lithium",Vietnam,2012,173260,173260.0,850650,Lithium,Other
"850650 Primary Cells And Batteries, Lithium",Malaysia,2012,2073173,2108379.0,850650,Lithium,Other
"850650 Primary Cells And Batteries, Lithium",Singapore,2012,21909208,21909208.0,850650,Lithium,Other
"850650 Primary Cells And Batteries, Lithium",Indonesia,2012,12666647,12579585.0,850650,Lithium,Other
"850650 Primary Cells And Batteries, Lithium",Philippines,2012,30021,30021.0,850650,Lithium,Other
"850650 Primary Cells And Batteries, Lithium",Japan,2020,34648096,34714542.0,850650,Lithium,Other
"850650 Primary Cells And Batteries, Lithium",Macau,2003,2460,2460.0,850650,Lithium,Other
"850650 Primary Cells And Batteries, Lithium",Malaysia,2001,1237072,,850650,Lithium,Other
"850650 Primary Cells And Batteries, Lithium",Indonesia,2001,522400,,850650,Lithium,Other
"850650 Primary Cells And Batteries, Lithium",Indonesia,2003,1401879,1401879.0,850650,Lithium,Other
"850650 Primary Cells And Batteries, Lithium",Singapore,2003,1893055,1893055.0,850650,Lithium,Other
"850650 Primary Cells And Batteries, Lithium",Malaysia,2003,1785532,2159912.0,850650,Lithium,Other
"850650 Primary Cells And Batteries, Lithium",Thailand,2003,2141,2141.0,850650,Lithium,Other
"850650 Primary Cells And Batteries, Lithium",Japan,2002,63240836,62711251.0,850650,Lithium,Other
"850650 Primary Cells And Batteries, Lithium",Taiwan,2002,8610492,8610492.0,850650,Lithium,Other
"850650 Primary Cells And Batteries, Lithium",Hong Kong,2002,1403243,1416195.0,850650,Lithium,Other
"850650 Primary Cells And Batteries, Lithium","Korea, South",2002,4239722,4239722.0,850650,Lithium,Other
"850650 Primary Cells And Batteries, Lithium",Philippines,2002,5104,5104.0,850650,Lithium,Other
"850650 Primary Cells And Batteries, Lithium",Indonesia,2002,1472329,1472329.0,850650,Lithium,Other
"850650 Primary Cells And Batteries, Lithium",Singapore,2002,518205,518205.0,850650,Lithium,Other
"850650 Primary Cells And Batteries, Lithium",Malaysia,2002,2193725,2450445.0,850650,Lithium,Other
"850650 Primary Cells And Batteries, Lithium",Japan,2001,70500466,,850650,Lithium,Other
"850650 Primary Cells And Batteries, Lithium",Taiwan,2001,3870358,,850650,Lithium,Other
"850650 Primary Cells And Batteries, Lithium",Hong Kong,2001,891629,,850650,Lithium,Other
"850650 Primary Cells And Batteries, Lithium","Korea, South",2001,1813556,,850650,Lithium,Other
"850650 Primary Cells And Batteries, Lithium",Philippines,2001,82000,,850650,Lithium,Other
"850650 Primary Cells And Batteries, Lithium",Singapore,2001,502445,,850650,Lithium,Other
"850650 Primary Cells And Batteries, Lithium",Japan,2025,22785478,23067421.0,850650,Lithium,Other
